dataset,construction,representation,model,rep_kind,model_name,labelling,h,edge_labels,norm,min_df,with_size,max_blocks,windows,calls,cross_section,extern,arch_weight,dim,n_features,n_train,cv_macro_f1,cv_macro_f1_foldmean,cv_macro_f1_foldstd,cv_balanced_acc,cv_auc,cv_macro_f1_at_oof_thr,cv_balanced_acc_at_oof_thr,oof_threshold_f1,oof_threshold_ba,seconds,stage
mendeley,b5000/w1/calls1/xs0/ext0,wl_tfidf/class/h2/el0/tfidf/df5/size0,LR(C=1.0),wl_tfidf,LR,class,2,False,tfidf,5,False,5000,1,True,False,False,False,128,323403,2018,0.9199954344575729,0.9198324338473111,0.03576706415061778,0.9148319457905022,0.9872171954687723,0.9689529833087173,0.9691486868654773,0.37684243690918046,0.37684243690918046,8.5,0_baseline
mendeley,b5000/w1/calls1/xs0/ext0,size_only/class/h2/el0/tfidf/df5/size0,LR(C=1.0),size_only,LR,class,2,False,tfidf,5,False,5000,1,True,False,False,False,128,22,2018,0.7538543979217313,0.7475215899632541,0.09815872384173056,0.7510009373858058,0.8328970782161073,0.7755067155488803,0.7779746111437695,0.3232213409138108,0.3232213409138108,1.0,0_baseline
mendeley,b5000/w1/calls1/xs0/ext0,wl_tfidf/class/h2/el0/tfidf/df3/size0,LR(C=1.0),wl_tfidf,LR,class,2,False,tfidf,3,False,5000,1,True,False,False,False,128,510533,2018,0.8857463602912639,0.8851085484157875,0.04926085133406424,0.8788081298358781,0.986675021051461,0.9719854790937226,0.9726757995583166,0.3703406214728922,0.3703406214728922,7.9,1_construction
mendeley,b20000/w1/calls1/xs0/ext0,wl_tfidf/class/h2/el0/tfidf/df3/size0,LR(C=1.0),wl_tfidf,LR,class,2,False,tfidf,3,False,20000,1,True,False,False,False,128,863002,2018,0.8267631535077989,0.819614781885587,0.11365113877519929,0.8203883398738501,0.9856909645541062,0.9690132668669114,0.9701913299756915,0.3544885612576424,0.3544885612576424,13.9,1_construction
mendeley,b5000/w1/calls1/xs1/ext0,wl_tfidf/class/h2/el0/tfidf/df3/size0,LR(C=1.0),wl_tfidf,LR,class,2,False,tfidf,3,False,5000,1,True,True,False,False,128,510525,2018,0.8862872622062669,0.885647355839199,0.04912709862032377,0.8793612271810107,0.9866492032220653,0.9719854790937226,0.9726757995583166,0.3708912497809072,0.3708912497809072,8.2,1_construction
mendeley,b5000/w1/calls1/xs0/ext1,wl_tfidf/class/h2/el0/tfidf/df3/size0,LR(C=1.0),wl_tfidf,LR,class,2,False,tfidf,3,False,5000,1,True,False,True,False,128,521481,2018,0.8981568709014387,0.8971963947221457,0.05396080574343559,0.8916336330849526,0.987278761061947,0.9700128389034626,0.9711932603549356,0.3679015480660533,0.3679015480660533,8.6,1_construction
mendeley,b5000/w1/calls0/xs0/ext1,wl_tfidf/class/h2/el0/tfidf/df3/size0,LR(C=1.0),wl_tfidf,LR,class,2,False,tfidf,3,False,5000,1,False,False,True,False,128,462065,2018,0.8518268865287145,0.8448386108305834,0.11507626341219993,0.8448288873707123,0.9852252506315439,0.96798340467854,0.9687405665623361,0.3757393630830703,0.35846117729709887,7.8,1_construction
mendeley,b5000/w4/calls1/xs0/ext1,wl_tfidf/class/h2/el0/tfidf/df3/size0,LR(C=1.0),wl_tfidf,LR,class,2,False,tfidf,3,False,5000,4,True,False,True,False,128,517782,2018,0.8961807253463733,0.8955142655335944,0.050382703145701244,0.8898383009485074,0.9859838976184045,0.964047639549972,0.9657029996345784,0.3254459702123153,0.3254459702123153,10.3,1_construction
mendeley,b5000/w1/calls1/xs0/ext1,wl_tfidf/class/h2/el1/tfidf/df3/size0,LR(C=1.0),wl_tfidf,LR,class,2,True,tfidf,3,False,5000,1,True,False,True,False,128,535778,2018,0.8792852424454113,0.8785305877095668,0.05157835346372894,0.8722752260053066,0.9866343083204908,0.9719854790937226,0.9726757995583166,0.3796537035346075,0.3796537035346075,7.7,1_construction
mendeley,b5000/w1/calls1/xs0/ext1,wl_tfidf/class/h1/el0/tfidf/df3/size0,LR(C=1.0),wl_tfidf,LR,class,1,False,tfidf,3,False,5000,1,True,False,True,False,128,203521,2018,0.8881837163097097,0.887437069807096,0.05129009918760134,0.8816461050825376,0.9819304984032665,0.9580910450240904,0.9602852274352172,0.30927211487618095,0.2933320542242735,6.6,2_labelling
mendeley,b5000/w1/calls1/xs0/ext1,wl_tfidf/class/h2/el0/tfidf/df3/size0,LR(C=1.0),wl_tfidf,LR,class,2,False,tfidf,3,False,5000,1,True,False,True,False,128,521481,2018,0.8981568709014387,0.8971963947221457,0.05396080574343559,0.8916336330849526,0.987278761061947,0.9700128389034626,0.9711932603549356,0.3679015480660533,0.3679015480660533,2.0,2_labelling
mendeley,b5000/w1/calls1/xs0/ext1,wl_tfidf/class/h3/el0/tfidf/df3/size0,LR(C=1.0),wl_tfidf,LR,class,3,False,tfidf,3,False,5000,1,True,False,True,False,128,848204,2018,0.9198297534233404,0.9194828425388298,0.043131616733062664,0.9142063599243736,0.9898108943296103,0.9729859976975181,0.9736777299375605,0.38567892465298775,0.38567892465298775,2.9,2_labelling
mendeley,b5000/w1/calls1/xs0/ext1,wl_tfidf/class/h4/el0/tfidf/df3/size0,LR(C=1.0),wl_tfidf,LR,class,4,False,tfidf,3,False,5000,1,True,False,True,False,128,1174637,2018,0.923994253854167,0.9237652558836723,0.03941528392308398,0.9185268743744142,0.9910064584293227,0.9749358367356673,0.9746389475858344,0.4243974100969918,0.4243974100969918,3.8,2_labelling
mendeley,b5000/w1/calls1/xs0/ext1,wl_tfidf/class_noflag/h1/el0/tfidf/df3/size0,LR(C=1.0),wl_tfidf,LR,class_noflag,1,False,tfidf,3,False,5000,1,True,False,True,False,128,199156,2018,0.8940835717277625,0.8932833297675057,0.05111969066081452,0.8877301758789977,0.9820436996552326,0.9580910450240904,0.9602852274352172,0.3090053134855655,0.2899396533194658,6.6,2_labelling
mendeley,b5000/w1/calls1/xs0/ext1,wl_tfidf/class_noflag/h2/el0/tfidf/df3/size0,LR(C=1.0),wl_tfidf,LR,class_noflag,2,False,tfidf,3,False,5000,1,True,False,True,False,128,516804,2018,0.8992251459157352,0.8984266950839903,0.04876736581253082,0.8927398277752181,0.9871268330658871,0.9700128389034626,0.9711932603549356,0.3678969736208655,0.3678969736208655,2.0,2_labelling
mendeley,b5000/w1/calls1/xs0/ext1,wl_tfidf/class_noflag/h3/el0/tfidf/df3/size0,LR(C=1.0),wl_tfidf,LR,class_noflag,3,False,tfidf,3,False,5000,1,True,False,True,False,128,844623,2018,0.9203543584387828,0.9201140511972319,0.037663402917915936,0.9147594572695064,0.9897294688676698,0.9729859976975181,0.9736777299375605,0.3856923427258035,0.3856923427258035,2.8,2_labelling
mendeley,b5000/w1/calls1/xs0/ext1,wl_tfidf/class_noflag/h4/el0/tfidf/df3/size0,LR(C=1.0),wl_tfidf,LR,class_noflag,4,False,tfidf,3,False,5000,1,True,False,True,False,128,1171018,2018,0.9250658350920933,0.9248837387765304,0.03778646961243254,0.9197373333757011,0.9909299979345737,0.9739605666460209,0.9741583387616974,0.40965094722274087,0.40965094722274087,3.7,2_labelling
mendeley,b5000/w1/calls1/xs0/ext1,wl_tfidf/dom_term/h1/el0/tfidf/df3/size0,LR(C=1.0),wl_tfidf,LR,dom_term,1,False,tfidf,3,False,5000,1,True,False,True,False,128,78953,2018,0.9113474962431528,0.910354149511968,0.0557241651318805,0.9063676697224385,0.9833306191512687,0.9509256832944241,0.9511139400390842,0.3475105102245255,0.3475105102245255,6.1,2_labelling
mendeley,b5000/w1/calls1/xs0/ext1,wl_tfidf/dom_term/h2/el0/tfidf/df3/size0,LR(C=1.0),wl_tfidf,LR,dom_term,2,False,tfidf,3,False,5000,1,True,False,True,False,128,373368,2018,0.9449025420597735,0.9449666972156325,0.024780195324542693,0.9415891469789168,0.989070121224639,0.9684867185104524,0.969221175386473,0.3758573188050334,0.3758573188050334,1.7,2_labelling
mendeley,b5000/w1/calls1/xs0/ext1,wl_tfidf/dom_term/h3/el0/tfidf/df3/size0,LR(C=1.0),wl_tfidf,LR,dom_term,3,False,tfidf,3,False,5000,1,True,False,True,False,128,691668,2018,0.9494732498665472,0.9495652895739115,0.019905329638883588,0.9462542301520471,0.991143491523808,0.9719575333110995,0.9721544780032094,0.41200502532615035,0.41200502532615035,2.6,2_labelling
mendeley,b5000/w1/calls1/xs0/ext1,wl_tfidf/dom_term/h4/el0/tfidf/df3/size0,LR(C=1.0),wl_tfidf,LR,dom_term,4,False,tfidf,3,False,5000,1,True,False,True,False,128,1010812,2018,0.9545761491018773,0.9546301550867076,0.015067088671911663,0.9516809392923531,0.992078891342686,0.9719854790937226,0.9726757995583166,0.3833863720990543,0.3833863720990543,3.4,2_labelling
mendeley,b5000/w1/calls1/xs0/ext1,wl_tfidf/seq_term/h1/el0/tfidf/df3/size0,LR(C=1.0),wl_tfidf,LR,seq_term,1,False,tfidf,3,False,5000,1,True,False,True,False,128,304813,2018,0.9167659223439775,0.9161908157522168,0.048972709204585664,0.9112005687866415,0.9871635738231043,0.9660449929083068,0.9677068603930665,0.3339991697850153,0.3339991697850153,8.1,2_labelling
mendeley,b5000/w1/calls1/xs0/ext1,wl_tfidf/seq_term/h2/el0/tfidf/df3/size0,LR(C=1.0),wl_tfidf,LR,seq_term,2,False,tfidf,3,False,5000,1,True,False,True,False,128,628811,2018,0.9240721002176966,0.9237683326858772,0.04265919314144399,0.9188396673074783,0.9894792345212183,0.9749870349051093,0.9756815906960488,0.37594416169376704,0.37594416169376704,2.8,2_labelling
mendeley,b5000/w1/calls1/xs0/ext1,wl_tfidf/seq_term/h3/el0/tfidf/df3/size0,LR(C=1.0),wl_tfidf,LR,seq_term,3,False,tfidf,3,False,5000,1,True,False,True,False,128,959612,2018,0.9230268101966401,0.9227149285998365,0.04254050745616217,0.9177334726172129,0.9910829189240719,0.9749870349051093,0.9756815906960488,0.3801826603671904,0.3801826603671904,3.6,2_labelling
mendeley,b5000/w1/calls1/xs0/ext1,wl_tfidf/seq_term/h4/el0/tfidf/df3/size0,LR(C=1.0),wl_tfidf,LR,seq_term,4,False,tfidf,3,False,5000,1,True,False,True,False,128,1287892,2018,0.9266815763339981,0.9263362401268885,0.041468153810309584,0.9216051540331421,0.9919676760775965,0.9769409697968139,0.9766428083443225,0.4180906141396615,0.4180906141396615,4.5,2_labelling
mendeley,b5000/w1/calls1/xs0/ext1,wl_tfidf/deg_dom/h1/el0/tfidf/df3/size0,LR(C=1.0),wl_tfidf,LR,deg_dom,1,False,tfidf,3,False,5000,1,True,False,True,False,128,182554,2018,0.8525986317592245,0.8508865157598697,0.060438435341048174,0.8456947776489093,0.9804122114361069,0.9536755988634756,0.9567988274733481,0.2822822848805656,0.2822822848805656,7.5,2_labelling
mendeley,b5000/w1/calls1/xs0/ext1,wl_tfidf/deg_dom/h2/el0/tfidf/df3/size0,LR(C=1.0),wl_tfidf,LR,deg_dom,2,False,tfidf,3,False,5000,1,True,False,True,False,128,490576,2018,0.8934221010485419,0.892662191907123,0.049042638607846724,0.8868642856008008,0.9867594254937164,0.9690132668669114,0.9701913299756915,0.361781363024778,0.361781363024778,2.3,2_labelling
mendeley,b5000/w1/calls1/xs0/ext1,wl_tfidf/deg_dom/h3/el0/tfidf/df3/size0,LR(C=1.0),wl_tfidf,LR,deg_dom,3,False,tfidf,3,False,5000,1,True,False,True,False,128,809999,2018,0.9156550054905179,0.9154475147326165,0.03167975236624884,0.909885845474333,0.9894514307049459,0.9719575333110995,0.9721951907341797,0.40450755821754575,0.3595378368124066,3.0,2_labelling
mendeley,b5000/w1/calls1/xs0/ext1,wl_tfidf/deg_dom/h4/el0/tfidf/df3/size0,LR(C=1.0),wl_tfidf,LR,deg_dom,4,False,tfidf,3,False,5000,1,True,False,True,False,128,1128248,2018,0.9370482367206878,0.9370069938564256,0.017811150088716268,0.9325628366247756,0.9907373572075435,0.9729859976975181,0.9736777299375605,0.38301330451896604,0.38301330451896604,3.9,2_labelling
mendeley,b5000/w1/calls1/xs0/ext1,wl_tfidf/lenbucket/h1/el0/tfidf/df3/size0,LR(C=1.0),wl_tfidf,LR,lenbucket,1,False,tfidf,3,False,5000,1,True,False,True,False,128,91754,2018,0.91530783544355,0.9153994523234324,0.02515739808881253,0.909958333995329,0.9783507570581973,0.9580910450240904,0.9602127389142212,0.31070722542863444,0.31070722542863444,6.7,2_labelling
mendeley,b5000/w1/calls1/xs0/ext1,wl_tfidf/lenbucket/h2/el0/tfidf/df3/size0,LR(C=1.0),wl_tfidf,LR,lenbucket,2,False,tfidf,3,False,5000,1,True,False,True,False,128,402791,2018,0.9365702895487702,0.9365938205588795,0.016452560339871514,0.9322182679016857,0.9875746731065601,0.9739605666460209,0.9741583387616974,0.38364526366300583,0.38364526366300583,1.9,2_labelling
mendeley,b5000/w1/calls1/xs0/ext1,wl_tfidf/lenbucket/h3/el0/tfidf/df3/size0,LR(C=1.0),wl_tfidf,LR,lenbucket,3,False,tfidf,3,False,5000,1,True,False,True,False,128,728225,2018,0.9478754743090091,0.9479900290307848,0.023429897228710972,0.9441778808725632,0.9904950668085986,0.9749358367356673,0.9746389475858344,0.4272160532108243,0.4272160532108243,3.3,2_labelling
mendeley,b5000/w1/calls1/xs0/ext1,wl_tfidf/lenbucket/h4/el0/tfidf/df3/size0,LR(C=1.0),wl_tfidf,LR,lenbucket,4,False,tfidf,3,False,5000,1,True,False,True,False,128,1052566,2018,0.9627013147903929,0.9628081815105671,0.016788596713690176,0.9602177038814128,0.9920113677888815,0.9739332702050939,0.9736370172065902,0.42134910274385606,0.42134910274385606,4.3,2_labelling
mendeley,b5000/w1/calls1/xs0/ext1,wl_tfidf/lenbucket/h4/el0/binary/df3/size0,LR(C=1.0),wl_tfidf,LR,lenbucket,4,False,binary,3,False,5000,1,True,False,True,False,128,1052566,2018,0.8024265681651539,0.7956105510898129,0.10635630153832043,0.7973985557903434,0.9833335981315836,0.9609797744519706,0.961654565386632,0.0190011084283267,0.0190011084283267,12.1,3_norm
mendeley,b5000/w1/calls1/xs0/ext1,wl_tfidf/lenbucket/h4/el0/log/df3/size0,LR(C=1.0),wl_tfidf,LR,lenbucket,4,False,log,3,False,5000,1,True,False,True,False,128,1052566,2018,0.8263861318540981,0.8135909099546282,0.14938186899844064,0.8199712826297644,0.9840803291971847,0.9560582261166324,0.957687556600626,0.00848268533652077,0.00848268533652077,11.5,3_norm
mendeley,b5000/w1/calls1/xs0/ext1,wl_tfidf/lenbucket/h4/el0/tfidf/df2/size0,LR(C=1.0),wl_tfidf,LR,lenbucket,4,False,tfidf,2,False,5000,1,True,False,True,False,128,1638295,2018,0.9255628991834425,0.9255025835168332,0.033928693258173874,0.9201861664098123,0.9895874708059931,0.9739605666460209,0.9741583387616974,0.40691647168933187,0.40691647168933187,11.3,3_norm
mendeley,b5000/w1/calls1/xs0/ext1,wl_tfidf/lenbucket/h4/el0/tfidf/df5/size0,LR(C=1.0),wl_tfidf,LR,lenbucket,4,False,tfidf,5,False,5000,1,True,False,True,False,128,623682,2018,0.9596876089338491,0.9597192217793307,0.01765352084594537,0.9573161770547021,0.9920302346642094,0.9719575333110995,0.9721544780032094,0.3718237667251773,0.3718237667251773,8.9,3_norm
mendeley,b5000/w1/calls1/xs0/ext1,wl_tfidf/lenbucket/h4/el0/tfidf/df10/size0,LR(C=1.0),wl_tfidf,LR,lenbucket,4,False,tfidf,10,False,5000,1,True,False,True,False,128,352569,2018,0.950497617045136,0.9505882138947328,0.021986618558295916,0.9473604248423126,0.991398690837451,0.9659823674709488,0.9666642172828521,0.33406406835126207,0.33406406835126207,8.1,3_norm
mendeley,b5000/w1/calls1/xs0/ext1,wl_tfidf/lenbucket/h4/el0/tfidf/df3/size1,LR(C=1.0),wl_tfidf,LR,lenbucket,4,False,tfidf,3,True,5000,1,True,False,True,False,128,1052588,2018,0.8545847595027922,0.8528252908337052,0.0682802338593676,0.8481564083824534,0.9510434375049649,0.9058778751425116,0.9049844298628875,0.29211255699110833,0.24491738435695773,17.3,3_norm
mendeley,b5000/w1/calls1/xs0/ext1,wl_svd/lenbucket/h4/el0/tfidf/df3/size0/d50,RF(n_estimators=400),wl_svd,RF,lenbucket,4,False,tfidf,3,False,5000,1,True,False,True,False,50,50,2018,0.9754183555640078,0.9754068010980763,0.014799662207906935,0.9747749876868814,0.996278757089973,0.9774446679030993,0.9771959056894552,0.4175,0.4175,40.7,4_embedding
mendeley,b5000/w1/calls1/xs0/ext1,wl_svd/lenbucket/h4/el0/tfidf/df3/size0/d50,"SVM-RBF(C=10.0,gamma=scale)",wl_svd,SVM-RBF,lenbucket,4,False,tfidf,3,False,5000,1,True,False,True,False,50,50,2018,0.9678826075884899,0.9678484763461516,0.016835962364398657,0.9671041133760188,0.990529821578939,0.9689204375522273,0.9686273653103701,-0.09245640896272703,-0.09245640896272703,0.3,4_embedding
mendeley,b5000/w1/calls1/xs0/ext1,wl_svd/lenbucket/h4/el0/tfidf/df3/size0/d50,LR(C=10.0),wl_svd,LR,lenbucket,4,False,tfidf,3,False,5000,1,True,False,True,False,50,50,2018,0.9603048189126167,0.9602292930045205,0.01601381015762941,0.9590161818210705,0.9911156877075358,0.9640154066841551,0.9651816780794713,0.20291793147277853,0.20291793147277853,0.3,4_embedding
mendeley,b5000/w1/calls1/xs0/ext1,wl_svd/lenbucket/h4/el0/tfidf/df3/size0/d100,RF(n_estimators=400),wl_svd,RF,lenbucket,4,False,tfidf,3,False,5000,1,True,False,True,False,100,100,2018,0.976920789588051,0.9769157375067486,0.015374386138074155,0.9762257511002368,0.9968268894679144,0.9779435363273872,0.9789683989768195,0.4365250000000026,0.285,84.3,4_embedding
mendeley,b5000/w1/calls1/xs0/ext1,wl_svd/lenbucket/h4/el0/tfidf/df3/size0/d100,"SVM-RBF(C=10.0,gamma=scale)",wl_svd,SVM-RBF,lenbucket,4,False,tfidf,3,False,5000,1,True,False,True,False,100,100,2018,0.7292326458194722,0.7066181424463501,0.18079225512115965,0.7329264708218808,0.9845708679557045,0.9639453999714136,0.9641390349692569,-0.7323004713876975,-0.7323004713876975,0.5,4_embedding
mendeley,b5000/w1/calls1/xs0/ext1,wl_svd/lenbucket/h4/el0/tfidf/df3/size0/d100,LR(C=10.0),wl_svd,LR,lenbucket,4,False,tfidf,3,False,5000,1,True,False,True,False,100,100,2018,0.7095528183157049,0.6877187550189163,0.17517853129434505,0.7160614702658045,0.9757759250726872,0.9630158346476039,0.9641797477002272,0.06529837516929898,0.06529837516929898,0.4,4_embedding
mendeley,b5000/w1/calls1/xs0/ext1,wl_svd/lenbucket/h4/el0/tfidf/df3/size0/d300,RF(n_estimators=400),wl_svd,RF,lenbucket,4,False,tfidf,3,False,5000,1,True,False,True,False,300,300,2018,0.9774046190522281,0.9774075927789211,0.015540409353266957,0.9763617912012837,0.9965960184935099,0.9819906651316788,0.982695103350757,0.33963750000000176,0.33963750000000176,312.2,4_embedding
mendeley,b5000/w1/calls1/xs0/ext1,wl_svd/lenbucket/h4/el0/tfidf/df3/size0/d300,"SVM-RBF(C=10.0,gamma=scale)",wl_svd,SVM-RBF,lenbucket,4,False,tfidf,3,False,5000,1,True,False,True,False,300,300,2018,0.9754800912435593,0.9754438631610276,0.015518656472108469,0.9760261594191386,0.9930272000762619,0.9799486693885338,0.9796485994820546,0.19302836579229174,0.19302836579229174,1.1,4_embedding
mendeley,b5000/w1/calls1/xs0/ext1,wl_svd/lenbucket/h4/el0/tfidf/df3/size0/d300,LR(C=10.0),wl_svd,LR,lenbucket,4,False,tfidf,3,False,5000,1,True,False,True,False,300,300,2018,0.8276362766702541,0.8223648129483196,0.09507075080862604,0.8211817416310513,0.9913440761983445,0.9759384032662406,0.9756408779650785,0.06665558641007584,0.06665558641007584,0.6,4_embedding
mendeley,b5000/w1/calls1/xs0/ext1,graph2vec/lenbucket/h4/el0/tfidf/df3/size0/d64/ep12,"SVM-RBF(C=10.0,gamma=scale)",graph2vec,SVM-RBF,lenbucket,4,False,tfidf,3,False,5000,1,True,False,True,False,64,64,2018,0.9183406727587438,0.9178450275815206,0.03317735014171518,0.9128598608220397,0.9909021941183014,0.96798340467854,0.9686680780413404,-0.6516382764654292,-0.6516382764654292,244.2,4_embedding
mendeley,b5000/w1/calls1/xs0/ext1,graph2vec/lenbucket/h4/el0/tfidf/df3/size0/d64/ep12,RF(n_estimators=400),graph2vec,RF,lenbucket,4,False,tfidf,3,False,5000,1,True,False,True,False,64,64,2018,0.9182255180553234,0.9173558523373057,0.033207195034760856,0.9124428035779539,0.988751866827664,0.9658752705627706,0.9651002526175307,0.347600000000001,0.347600000000001,3.1,4_embedding
mendeley,b5000/w1/calls1/xs0/ext1,graph2vec/lenbucket/h4/el0/tfidf/df3/size0/d64/ep12,"MLP(hidden_layer_sizes=(256,))",graph2vec,MLP,lenbucket,4,False,tfidf,3,False,5000,1,True,False,True,False,64,64,2018,0.9402932232492458,0.9398586253222895,0.03947624183565832,0.9367155351837435,0.9782425207734228,0.9598973387770675,0.9596099918971734,0.28434506371617346,0.28434506371617346,1.2,4_embedding
mendeley,b5000/w1/calls1/xs0/ext1,graph2vec/lenbucket/h4/el0/tfidf/df3/size0/d128/ep12,"SVM-RBF(C=10.0,gamma=scale)",graph2vec,SVM-RBF,lenbucket,4,False,tfidf,3,False,5000,1,True,False,True,False,128,128,2018,0.9221634916085137,0.9218441750156969,0.02842343183345446,0.9173571281040975,0.9802940452169493,0.9497588524503638,0.9511953655010248,-0.5261700348846364,-0.7307538311969627,245.3,4_embedding
mendeley,b5000/w1/calls1/xs0/ext1,graph2vec/lenbucket/h4/el0/tfidf/df3/size0/d128/ep12,RF(n_estimators=400),graph2vec,RF,lenbucket,4,False,tfidf,3,False,5000,1,True,False,True,False,128,128,2018,0.938637935978171,0.9383225925839028,0.03429291657208904,0.9344306572822167,0.9806520193514561,0.9598070819602911,0.9585673487869593,0.39901250000000005,0.39901250000000005,3.2,4_embedding
mendeley,b5000/w1/calls1/xs0/ext1,graph2vec/lenbucket/h4/el0/tfidf/df3/size0/d128/ep12,"MLP(hidden_layer_sizes=(256,))",graph2vec,MLP,lenbucket,4,False,tfidf,3,False,5000,1,True,False,True,False,128,128,2018,0.9027168838549913,0.8986881885622156,0.08979186403682138,0.896892526334186,0.969996703261785,0.9296623934305094,0.9285094374096377,0.19783549636602404,0.19783549636602404,2.8,4_embedding
mendeley,b5000/w1/calls1/xs0/ext1,graph2vec/lenbucket/h4/el0/tfidf/df3/size0/d256/ep12,"SVM-RBF(C=10.0,gamma=scale)",graph2vec,SVM-RBF,lenbucket,4,False,tfidf,3,False,5000,1,True,False,True,False,256,256,2018,0.9112872908076644,0.9103454121710953,0.04291147112644161,0.9061591411003955,0.9808243037130011,0.9481127224107786,0.9501934351217807,-0.6078837133852723,-0.6078837133852723,244.1,4_embedding
mendeley,b5000/w1/calls1/xs0/ext1,graph2vec/lenbucket/h4/el0/tfidf/df3/size0/d256/ep12,RF(n_estimators=400),graph2vec,RF,lenbucket,4,False,tfidf,3,False,5000,1,True,False,True,False,256,256,2018,0.9566641796038878,0.9566465228666765,0.014336995979955209,0.9543103859169699,0.9805532165043453,0.959355983627815,0.9586398373079551,0.4125,0.4125,3.5,4_embedding
mendeley,b5000/w1/calls1/xs0/ext1,graph2vec/lenbucket/h4/el0/tfidf/df3/size0/d256/ep12,"MLP(hidden_layer_sizes=(256,))",graph2vec,MLP,lenbucket,4,False,tfidf,3,False,5000,1,True,False,True,False,256,256,2018,0.9234938762310996,0.9232025141357962,0.027700334845833098,0.9197144945266202,0.9730144103207767,0.9478092373312961,0.9470655057911377,0.27410646438598674,0.27410646438598674,26.1,4_embedding
mendeley,b5000/w1/calls1/xs0/ext1,size_only/lenbucket/h4/el0/tfidf/df3/size0,LR(C=1.0),size_only,LR,lenbucket,4,False,tfidf,3,False,5000,1,True,False,True,False,128,22,2018,0.8099097640382045,0.808196646715792,0.05642408618679946,0.8057804134030282,0.8277305333566355,0.8142336960968825,0.8096431578780128,0.5296817748133165,0.5296817748133165,2.0,4_control
mendeley,b5000/w1/calls1/xs0/ext1,size_only/lenbucket/h4/el0/tfidf/df3/size0,"LR(C=1.0,class_weight=balanced)",size_only,LR,lenbucket,4,False,tfidf,3,False,5000,1,True,False,True,False,128,22,2018,0.804970287971891,0.8035269157038524,0.0483927962129959,0.8015413244149283,0.828146597607283,0.8139077812816514,0.8094028534659443,0.5746529036079332,0.5746529036079332,1.4,4_control
mendeley,b5000/w1/calls1/xs0/ext1,size_only/lenbucket/h4/el0/tfidf/df3/size0,"RF(n_estimators=600,min_samples_leaf=2)",size_only,RF,lenbucket,4,False,tfidf,3,False,5000,1,True,False,True,False,128,22,2018,0.7159311633098712,0.7089866529603692,0.10873081041735858,0.7202866573457682,0.938096789056418,0.885476985081522,0.8845287650339206,0.24134523809523814,0.24134523809523814,5.5,4_control
mendeley,b5000/w1/calls1/xs0/ext1,wl_tfidf/lenbucket/h4/el0/tfidf/df3/size0,LR(C=0.1),wl_tfidf,LR,lenbucket,4,False,tfidf,3,False,5000,1,True,False,True,False,128,1052566,2018,0.643797328385142,0.6356924964949954,0.11261964517991963,0.6660016920608189,0.9872479782653597,0.9679514666412565,0.9681467564862332,0.4481568820842707,0.4481568820842707,3.8,5_clf_sparse
mendeley,b5000/w1/calls1/xs0/ext1,wl_tfidf/lenbucket/h4/el0/tfidf/df3/size0,LR(C=1.0),wl_tfidf,LR,lenbucket,4,False,tfidf,3,False,5000,1,True,False,True,False,128,1052566,2018,0.9627013147903929,0.9628081815105671,0.016788596713690176,0.9602177038814128,0.9920113677888815,0.9739332702050939,0.9736370172065902,0.42134910274385606,0.42134910274385606,4.2,5_clf_sparse
mendeley,b5000/w1/calls1/xs0/ext1,wl_tfidf/lenbucket/h4/el0/tfidf/df3/size0,LR(C=10.0),wl_tfidf,LR,lenbucket,4,False,tfidf,3,False,5000,1,True,False,True,False,128,1052566,2018,0.970817937479119,0.9709000653327593,0.012406457389557625,0.9689629970925152,0.9926439046090784,0.9789681499833246,0.9791679906579177,0.2834837659751802,0.2834837659751802,5.0,5_clf_sparse
mendeley,b5000/w1/calls1/xs0/ext1,wl_tfidf/lenbucket/h4/el0/tfidf/df3/size0,LR(C=100.0),wl_tfidf,LR,lenbucket,4,False,tfidf,3,False,5000,1,True,False,True,False,128,1052566,2018,0.9682824328926245,0.9683800999898899,0.013544091777928681,0.9661975103668514,0.9924840326655121,0.9789461028579605,0.9786466691028106,0.23562310308022574,0.23562310308022574,15.0,5_clf_sparse
mendeley,b5000/w1/calls1/xs0/ext1,wl_tfidf/lenbucket/h4/el0/tfidf/df3/size0,"LR(C=0.1,class_weight=balanced)",wl_tfidf,LR,lenbucket,4,False,tfidf,3,False,5000,1,True,False,True,False,128,1052566,2018,0.9668330145828352,0.9668782893762904,0.01800068283231815,0.9654765971306462,0.9871139241511891,0.9679514666412565,0.9681467564862332,0.4888762916498096,0.4888762916498096,5.0,5_clf_sparse
mendeley,b5000/w1/calls1/xs0/ext1,wl_tfidf/lenbucket/h4/el0/tfidf/df3/size0,"LR(C=1.0,class_weight=balanced)",wl_tfidf,LR,lenbucket,4,False,tfidf,3,False,5000,1,True,False,True,False,128,1052566,2018,0.9728761280456236,0.9729188663003224,0.013375963147640902,0.9716967080281533,0.9919567531497752,0.9739332702050939,0.9736370172065902,0.45522503713333023,0.45522503713333023,4.4,5_clf_sparse
mendeley,b5000/w1/calls1/xs0/ext1,wl_tfidf/lenbucket/h4/el0/tfidf/df3/size0,"LR(C=10.0,class_weight=balanced)",wl_tfidf,LR,lenbucket,4,False,tfidf,3,False,5000,1,True,False,True,False,128,1052566,2018,0.9738684357319308,0.9739067534564265,0.011293765664221187,0.9724901097853546,0.9926339746746953,0.9779666333158639,0.9781660602786737,0.3095523683744125,0.3095523683744125,5.4,5_clf_sparse
mendeley,b5000/w1/calls1/xs0/ext1,wl_tfidf/lenbucket/h4/el0/tfidf/df3/size0,LinearSVC(C=0.01),wl_tfidf,LinearSVC,lenbucket,4,False,tfidf,3,False,5000,1,True,False,True,False,128,1052566,2018,0.5896770539203642,0.5784176482352742,0.13100923775558612,0.6286313770038607,0.9871933636262531,0.9679514666412565,0.9681467564862332,-0.09386554757045813,-0.09386554757045813,1.8,5_clf_sparse
mendeley,b5000/w1/calls1/xs0/ext1,wl_tfidf/lenbucket/h4/el0/tfidf/df3/size0,LinearSVC(C=0.1),wl_tfidf,LinearSVC,lenbucket,4,False,tfidf,3,False,5000,1,True,False,True,False,128,1052566,2018,0.9652529047620355,0.9653384655627016,0.013164614037717128,0.9630874549180979,0.9929497465880747,0.9749082871785077,0.9741583387616974,-0.0748018910577174,-0.18976171074296272,2.1,5_clf_sparse
mendeley,b5000/w1/calls1/xs0/ext1,wl_tfidf/lenbucket/h4/el0/tfidf/df3/size0,LinearSVC(C=1.0),wl_tfidf,LinearSVC,lenbucket,4,False,tfidf,3,False,5000,1,True,False,True,False,128,1052566,2018,0.9575928238628176,0.9576627733033941,0.024132430282109135,0.9545824661190638,0.9929408096471299,0.9789681499833246,0.9791679906579177,-0.31159900984729494,-0.31159900984729494,4.2,5_clf_sparse
mendeley,b5000/w1/calls1/xs0/ext1,wl_tfidf/lenbucket/h4/el0/tfidf/df3/size0,"LinearSVC(C=0.01,class_weight=balanced)",wl_tfidf,LinearSVC,lenbucket,4,False,tfidf,3,False,5000,1,True,False,True,False,128,1052566,2018,0.9653130116936119,0.9653703461966092,0.018006799627335146,0.9638173050952479,0.9869471012535548,0.9679514666412565,0.9681467564862332,-0.020637049294994835,-0.020637049294994835,1.7,5_clf_sparse
mendeley,b5000/w1/calls1/xs0/ext1,wl_tfidf/lenbucket/h4/el0/tfidf/df3/size0,"LinearSVC(C=0.1,class_weight=balanced)",wl_tfidf,LinearSVC,lenbucket,4,False,tfidf,3,False,5000,1,True,False,True,False,128,1052566,2018,0.9718649573722038,0.9719038571677654,0.014204237930967962,0.9705905133378878,0.9927253300710189,0.9749082871785077,0.9741583387616974,-0.036342512991501,-0.14983424104330278,2.2,5_clf_sparse
mendeley,b5000/w1/calls1/xs0/ext1,wl_tfidf/lenbucket/h4/el0/tfidf/df3/size0,"LinearSVC(C=1.0,class_weight=balanced)",wl_tfidf,LinearSVC,lenbucket,4,False,tfidf,3,False,5000,1,True,False,True,False,128,1052566,2018,0.9698041609806316,0.9698900109688804,0.013222691078640792,0.9678568024022497,0.9927968255985764,0.9789681499833246,0.9791679906579177,-0.2859566536518733,-0.2859566536518733,4.3,5_clf_sparse
mendeley,b5000/w1/calls1/xs0/ext1,wl_svd/lenbucket/h4/el0/tfidf/df3/size0/d300,"RF(n_estimators=300,max_depth=None,min_samples_leaf=1)",wl_svd,RF,lenbucket,4,False,tfidf,3,False,5000,1,True,False,True,False,300,300,2018,0.9774097902849411,0.9774121730017002,0.01698323740852177,0.9764660555123051,0.9964515379482373,0.9834833155295872,0.9839373381420695,0.37333333333333335,0.37333333333333335,454.8,5_clf_dense
mendeley,b5000/w1/calls1/xs0/ext1,wl_svd/lenbucket/h4/el0/tfidf/df3/size0/d300,"RF(n_estimators=300,max_depth=None,min_samples_leaf=3)",wl_svd,RF,lenbucket,4,False,tfidf,3,False,5000,1,True,False,True,False,300,300,2018,0.9779092725723885,0.9779174546978668,0.014475639397605848,0.9769148885464165,0.9969733560000635,0.9809750545065532,0.9812761157274272,0.38767968138647957,0.38767968138647957,2.7,5_clf_dense
mendeley,b5000/w1/calls1/xs0/ext1,wl_svd/lenbucket/h4/el0/tfidf/df3/size0/d300,"RF(n_estimators=300,max_depth=20,min_samples_leaf=1)",wl_svd,RF,lenbucket,4,False,tfidf,3,False,5000,1,True,False,True,False,300,300,2018,0.9774097902849411,0.9774121730017002,0.01698323740852177,0.9764660555123051,0.9964515379482373,0.9834833155295872,0.9839373381420695,0.37333333333333335,0.37333333333333335,3.3,5_clf_dense
mendeley,b5000/w1/calls1/xs0/ext1,wl_svd/lenbucket/h4/el0/tfidf/df3/size0/d300,"RF(n_estimators=300,max_depth=20,min_samples_leaf=3)",wl_svd,RF,lenbucket,4,False,tfidf,3,False,5000,1,True,False,True,False,300,300,2018,0.9779092725723885,0.9779174546978668,0.014475639397605848,0.9769148885464165,0.9969733560000635,0.9809750545065532,0.9812761157274272,0.38767968138647957,0.38767968138647957,3.7,5_clf_dense
mendeley,b5000/w1/calls1/xs0/ext1,wl_svd/lenbucket/h4/el0/tfidf/df3/size0/d300,"RF(n_estimators=1000,max_depth=None,min_samples_leaf=1)",wl_svd,RF,lenbucket,4,False,tfidf,3,False,5000,1,True,False,True,False,300,300,2018,0.9779092725723885,0.9779047853759415,0.016048369574162336,0.9769148885464165,0.9968656162120081,0.9819906651316788,0.982695103350757,0.3400600000000004,0.3400600000000004,11.6,5_clf_dense
mendeley,b5000/w1/calls1/xs0/ext1,wl_svd/lenbucket/h4/el0/tfidf/df3/size0/d300,"RF(n_estimators=1000,max_depth=None,min_samples_leaf=3)",wl_svd,RF,lenbucket,4,False,tfidf,3,False,5000,1,True,False,True,False,300,300,2018,0.9784137996056104,0.978411967407577,0.016297324013794422,0.9774679858915492,0.9969852719213231,0.9824926213946958,0.9832482006958898,0.3534602434472829,0.3534602434472829,11.4,5_clf_dense
mendeley,b5000/w1/calls1/xs0/ext1,wl_svd/lenbucket/h4/el0/tfidf/df3/size0/d300,"RF(n_estimators=1000,max_depth=20,min_samples_leaf=1)",wl_svd,RF,lenbucket,4,False,tfidf,3,False,5000,1,True,False,True,False,300,300,2018,0.9779092725723885,0.9779047853759415,0.016048369574162336,0.9769148885464165,0.9968651197152889,0.9819906651316788,0.982695103350757,0.3400600000000004,0.3400600000000004,11.2,5_clf_dense
mendeley,b5000/w1/calls1/xs0/ext1,wl_svd/lenbucket/h4/el0/tfidf/df3/size0/d300,"RF(n_estimators=1000,max_depth=20,min_samples_leaf=3)",wl_svd,RF,lenbucket,4,False,tfidf,3,False,5000,1,True,False,True,False,300,300,2018,0.9784137996056104,0.978411967407577,0.016297324013794422,0.9774679858915492,0.9969852719213231,0.9824926213946958,0.9832482006958898,0.3534602434472829,0.3534602434472829,10.9,5_clf_dense
mendeley,b5000/w1/calls1/xs0/ext1,wl_svd/lenbucket/h4/el0/tfidf/df3/size0/d300,"SVM-RBF(C=1.0,gamma=scale)",wl_svd,SVM-RBF,lenbucket,4,False,tfidf,3,False,5000,1,True,False,True,False,300,300,2018,0.9764762372694121,0.9764520202017429,0.017039448186356602,0.9769238254873611,0.994589178754707,0.9809553044210794,0.9807547941723201,0.0956102602976796,0.0956102602976796,1.4,5_clf_dense
mendeley,b5000/w1/calls1/xs0/ext1,wl_svd/lenbucket/h4/el0/tfidf/df3/size0/d300,"SVM-RBF(C=1.0,gamma=0.01)",wl_svd,SVM-RBF,lenbucket,4,False,tfidf,3,False,5000,1,True,False,True,False,300,300,2018,0.9421717653313202,0.9421187685350582,0.014441579025757812,0.9447031744014236,0.9907214693125308,0.9525246904545926,0.9537116108736754,0.10700335478318168,0.10700335478318168,1.5,5_clf_dense
mendeley,b5000/w1/calls1/xs0/ext1,wl_svd/lenbucket/h4/el0/tfidf/df3/size0/d300,"SVM-RBF(C=1.0,gamma=0.1)",wl_svd,SVM-RBF,lenbucket,4,False,tfidf,3,False,5000,1,True,False,True,False,300,300,2018,0.36154057075362256,0.36149005408813517,0.0049657441592763345,0.5023166536915524,0.9167871498705137,0.85266177770038,0.8460800591029694,-0.5654411873462535,-0.5654411873462535,1.5,5_clf_dense
mendeley,b5000/w1/calls1/xs0/ext1,wl_svd/lenbucket/h4/el0/tfidf/df3/size0/d300,"SVM-RBF(C=10.0,gamma=scale)",wl_svd,SVM-RBF,lenbucket,4,False,tfidf,3,False,5000,1,True,False,True,False,300,300,2018,0.9754800912435593,0.9754438631610276,0.015518656472108469,0.9760261594191386,0.9930272000762619,0.9799486693885338,0.9796485994820546,0.19302836579229174,0.19302836579229174,1.3,5_clf_dense
mendeley,b5000/w1/calls1/xs0/ext1,wl_svd/lenbucket/h4/el0/tfidf/df3/size0/d300,"SVM-RBF(C=10.0,gamma=0.01)",wl_svd,SVM-RBF,lenbucket,4,False,tfidf,3,False,5000,1,True,False,True,False,300,300,2018,0.9476514295243565,0.9475960101001337,0.016947542988559355,0.9501616593317551,0.9915496258400724,0.9570184024282963,0.9581681654247629,0.14204486433958183,0.14204486433958183,1.3,5_clf_dense
mendeley,b5000/w1/calls1/xs0/ext1,wl_svd/lenbucket/h4/el0/tfidf/df3/size0/d300,"SVM-RBF(C=10.0,gamma=0.1)",wl_svd,SVM-RBF,lenbucket,4,False,tfidf,3,False,5000,1,True,False,True,False,300,300,2018,0.36274616904500545,0.36266134071873873,0.0063526065436751425,0.5028697510366852,0.9108103223653898,0.8252622464255721,0.8191868178135079,-0.5098038725948135,-0.5098038725948135,1.3,5_clf_dense
mendeley,b5000/w1/calls1/xs0/ext1,wl_svd/lenbucket/h4/el0/tfidf/df3/size0/d300,"SVM-RBF(C=100.0,gamma=scale)",wl_svd,SVM-RBF,lenbucket,4,False,tfidf,3,False,5000,1,True,False,True,False,300,300,2018,0.9744742149093621,0.9744337639947906,0.014626152868317328,0.9749199647288731,0.9927600848413595,0.9789461028579605,0.9786466691028106,0.16815508811790428,0.16815508811790428,1.3,5_clf_dense
mendeley,b5000/w1/calls1/xs0/ext1,wl_svd/lenbucket/h4/el0/tfidf/df3/size0/d300,"SVM-RBF(C=100.0,gamma=0.01)",wl_svd,SVM-RBF,lenbucket,4,False,tfidf,3,False,5000,1,True,False,True,False,300,300,2018,0.9471487586970272,0.9470911198204284,0.016759697391552114,0.9496085619866224,0.9914791233059531,0.9580179744648476,0.9591700958040069,0.14062850735804813,0.14062850735804813,1.4,5_clf_dense
mendeley,b5000/w1/calls1/xs0/ext1,wl_svd/lenbucket/h4/el0/tfidf/df3/size0/d300,"SVM-RBF(C=100.0,gamma=0.1)",wl_svd,SVM-RBF,lenbucket,4,False,tfidf,3,False,5000,1,True,False,True,False,300,300,2018,0.36274616904500545,0.36266134071873873,0.0063526065436751425,0.5028697510366852,0.909954362021576,0.8234574429885553,0.8174232614670882,-0.5092812961174475,-0.5092812961174475,1.6,5_clf_dense
mendeley,b5000/w1/calls1/xs0/ext1,wl_svd/lenbucket/h4/el0/tfidf/df3/size0/d300,"SVM-RBF(C=10.0,gamma=scale,class_weight=balanced)",wl_svd,SVM-RBF,lenbucket,4,False,tfidf,3,False,5000,1,True,False,True,False,300,300,2018,0.9749821478160828,0.9749595107621161,0.01609808478118479,0.9755773263850273,0.9923896982888738,0.9789461028579605,0.9786466691028106,0.19560914278818847,0.19560914278818847,1.4,5_clf_dense
mendeley,b5000/w1/calls1/xs0/ext1,wl_svd/lenbucket/h4/el0/tfidf/df3/size0/d300,"SVM-RBF(C=100.0,gamma=scale,class_weight=balanced)",wl_svd,SVM-RBF,lenbucket,4,False,tfidf,3,False,5000,1,True,False,True,False,300,300,2018,0.9749722189149501,0.9749359910238222,0.014929938155804795,0.9753687977629844,0.9927878886576318,0.9789461028579605,0.9786466691028106,0.16581307299584475,0.16581307299584475,1.8,5_clf_dense
mendeley,b5000/w1/calls1/xs0/ext1,wl_svd/lenbucket/h4/el0/tfidf/df3/size0/d300,"MLP(hidden_layer_sizes=(256,),alpha=0.0001)",wl_svd,MLP,lenbucket,4,False,tfidf,3,False,5000,1,True,False,True,False,300,300,2018,0.8532906270511894,0.8477685675527968,0.09982729007099157,0.8461753864730461,0.9890929600737199,0.9699230040828006,0.9696700084205843,0.34277069941163074,0.28958805263042464,39.9,5_clf_dense
mendeley,b5000/w1/calls1/xs0/ext1,wl_svd/lenbucket/h4/el0/tfidf/df3/size0/d300,"MLP(hidden_layer_sizes=(256,),alpha=0.01)",wl_svd,MLP,lenbucket,4,False,tfidf,3,False,5000,1,True,False,True,False,300,300,2018,0.8532906270511894,0.8477685675527968,0.09982729007099157,0.8461753864730461,0.9890979250409113,0.9699230040828006,0.9696700084205843,0.34291050747036944,0.29005261063575755,38.9,5_clf_dense
mendeley,b5000/w1/calls1/xs0/ext1,wl_svd/lenbucket/h4/el0/tfidf/df3/size0/d300,"MLP(hidden_layer_sizes=(512,),alpha=0.0001)",wl_svd,MLP,lenbucket,4,False,tfidf,3,False,5000,1,True,False,True,False,300,300,2018,0.9406297910176489,0.9405955949895743,0.02813849143427158,0.936225989418662,0.9887861251012853,0.9759384032662406,0.9756408779650785,0.38997269645333316,0.38997269645333316,53.8,5_clf_dense
mendeley,b5000/w1/calls1/xs0/ext1,wl_svd/lenbucket/h4/el0/tfidf/df3/size0/d300,"MLP(hidden_layer_sizes=(512,),alpha=0.01)",wl_svd,MLP,lenbucket,4,False,tfidf,3,False,5000,1,True,False,True,False,300,300,2018,0.9406297910176489,0.9405955949895743,0.02813849143427158,0.936225989418662,0.9887801671406555,0.9759384032662406,0.9756408779650785,0.38997379824519185,0.38997379824519185,68.3,5_clf_dense
mendeley,b5000/w1/calls1/xs0/ext1,wl_svd/lenbucket/h4/el0/tfidf/df3/size0/d300,"MLP(hidden_layer_sizes=(256, 128),alpha=0.0001)",wl_svd,MLP,lenbucket,4,False,tfidf,3,False,5000,1,True,False,True,False,300,300,2018,0.9658198172526928,0.9658593528608929,0.019898755422035907,0.9643704024403807,0.989020471552724,0.9719575333110995,0.9721544780032094,0.3424294859170924,0.3424294859170924,70.1,5_clf_dense
mendeley,b5000/w1/calls1/xs0/ext1,wl_svd/lenbucket/h4/el0/tfidf/df3/size0/d300,"MLP(hidden_layer_sizes=(256, 128),alpha=0.01)",wl_svd,MLP,lenbucket,4,False,tfidf,3,False,5000,1,True,False,True,False,300,300,2018,0.9658198172526928,0.9658593528608929,0.019898755422035907,0.9643704024403807,0.9894335568230564,0.9719575333110995,0.9721544780032094,0.34533299356699027,0.34533299356699027,58.7,5_clf_dense
mendeley,b5000/w1/calls1/xs0/ext1,wl_svd/lenbucket/h4/el0/tfidf/df3/size0/d300,"RF(n_estimators=1000,max_depth=None,min_samples_leaf=3)+archw",wl_svd,RF,lenbucket,4,False,tfidf,3,False,5000,1,True,False,True,True,300,300,2018,0.976394929362238,0.9764032304422621,0.016068669045123656,0.9752555965110182,0.9970190336982253,0.9814584468910132,0.981693172971513,0.4071925507903357,0.3319801881384322,8.5,6_archweight
mendeley,b5000/w1/calls1/xs0/ext1,wl_svd/lenbucket/h4/el0/tfidf/df3/size0/d300,"RF(n_estimators=1000,max_depth=20,min_samples_leaf=3)+archw",wl_svd,RF,lenbucket,4,False,tfidf,3,False,5000,1,True,False,True,True,300,300,2018,0.976394929362238,0.9764032304422621,0.016068669045123656,0.9752555965110182,0.9970190336982253,0.9814584468910132,0.981693172971513,0.4071925507903357,0.3319801881384322,16.5,6_archweight
mendeley,b5000/w1/calls1/xs0/ext1,wl_svd/lenbucket/h4/el0/tfidf/df3/size0/d300,"RF(n_estimators=300,max_depth=None,min_samples_leaf=3)+archw",wl_svd,RF,lenbucket,4,False,tfidf,3,False,5000,1,True,False,True,True,300,300,2018,0.9773994004532066,0.9774010345851885,0.018081374454132333,0.9762575268902622,0.9968810076103017,0.9824823043495623,0.9829354077628254,0.3591345968066195,0.3591345968066195,4.2,6_archweight
mendeley,b5000/w1/calls1/xs0/ext1,wl_svd/lenbucket/h4/el0/tfidf/df3/size0/d300,"RF(n_estimators=300,max_depth=20,min_samples_leaf=3)+archw",wl_svd,RF,lenbucket,4,False,tfidf,3,False,5000,1,True,False,True,True,300,300,2018,0.9773994004532066,0.9774010345851885,0.018081374454132333,0.9762575268902622,0.9968810076103017,0.9824823043495623,0.9829354077628254,0.3591345968066195,0.3591345968066195,4.1,6_archweight
mendeley,b5000/w1/calls1/xs0/ext1,wl_svd/lenbucket/h4/el0/tfidf/df3/size0/d300,"RF(n_estimators=1000,max_depth=None,min_samples_leaf=1)+archw",wl_svd,RF,lenbucket,4,False,tfidf,3,False,5000,1,True,False,True,True,300,300,2018,0.9764003798989938,0.976400125153118,0.015027450381242093,0.9753598608220397,0.996789155717259,0.9829811088621662,0.9833842407969369,0.358,0.358,11.8,6_archweight
