stage,config_id,dataset,variant,row_align,crops,tta,lr,weight_decay,batch_size,epochs,patience,warmup_epochs,schedule,grad_clip,label_smoothing,loss,focal_gamma,sampler,amp,monitor,dropout,drop_path,width,depth,heads,mlp_ratio,aug_p,aug_max_shift,threshold,seed,device,folds,cv_macro_f1,cv_balanced_accuracy,cv_accuracy,cv_recall_goodware,cv_recall_ransomware,cv_macro_f1_at_0.5,cv_macro_f1_nested_thr,cv_balanced_accuracy_nested_thr,cv_auc,threshold_used,threshold_refit_all_oof,threshold_nested,cv_n,epochs_mean,seconds_per_epoch,seconds_total,wall_seconds
encoding,encoding_001,mendeley,head3,False,1,False,0.0003,0.01,16,80,8,5,cosine,1.0,0.15,ce,2.0,class,bf16,val_loss,0.15,0.0,32,6,8,2.0,0.4,0.2,argmax,1337,cuda,3,0.7273612665872873,0.7282454997537376,0.7294350842418236,0.7396768402154399,0.7168141592920354,0.7273612665872873,0.7016555318812434,0.7104093516150045,0.7985434772247026,0.5,0.569,0.569;0.271;0.569,2018,16.333333333333332,2.5363078117370605,121.75450992584229,124.7
encoding,encoding_002,mendeley,stride3,False,1,False,0.0003,0.01,16,80,8,5,cosine,1.0,0.15,ce,2.0,class,bf16,val_loss,0.15,0.0,32,6,8,2.0,0.4,0.2,argmax,1337,cuda,3,0.6767804247353846,0.685114829761205,0.7120911793855302,0.9443447037701975,0.4258849557522124,0.6767804247353846,0.6261144775187855,0.6305091275956849,0.7275260760076897,0.5,0.287,0.287;0.287;0.182,2018,15.333333333333334,2.6297308206558228,119.83425068855286,121.0
encoding,encoding_003,mendeley,mnem1,False,1,False,0.0003,0.01,16,80,8,5,cosine,1.0,0.15,ce,2.0,class,bf16,val_loss,0.15,0.0,32,6,8,2.0,0.4,0.2,argmax,1337,cuda,3,0.6540813149711681,0.6541979790597544,0.6575817641228939,0.6867145421903053,0.6216814159292036,0.6540813149711681,0.6137478900409934,0.6134683672010295,0.6954032347754247,0.5,0.5117,0.558;0.294;0.510,2018,13.0,2.474999189376831,96.84748268127441,97.9
encoding,encoding_004,mendeley,mnem1s,False,1,False,0.0003,0.01,16,80,8,5,cosine,1.0,0.15,ce,2.0,class,bf16,val_loss,0.15,0.0,32,6,8,2.0,0.4,0.2,argmax,1337,cuda,3,0.626042684096155,0.6259671756089036,0.6303270564915758,0.6678635547576302,0.584070796460177,0.626042684096155,0.5967811165150569,0.5980759759139511,0.6924321984080329,0.5,0.3191,0.625;0.243;0.455,2018,13.333333333333334,2.456370234489441,97.53577971458435,98.7
encoding,encoding_001,mendeley,head3,True,1,False,0.0003,0.01,16,80,8,5,cosine,1.0,0.15,ce,2.0,class,bf16,val_loss,0.15,0.0,32,6,8,2.0,0.4,0.2,argmax,1337,cuda,3,0.7255023424882798,0.7237402885241735,0.7388503468780971,0.8689407540394973,0.5785398230088495,0.7255023424882798,0.7350972127010984,0.736333431308686,0.8065415428734847,0.5,0.3141,0.310;0.328;0.301,2018,14.0,2.754586100578308,118.38443183898926,122.3
encoding,encoding_002,mendeley,crop3,False,4,True,0.0003,0.01,16,80,8,5,cosine,1.0,0.15,ce,2.0,class,bf16,val_loss,0.15,0.0,32,6,8,2.0,0.4,0.2,argmax,1337,cuda,3,0.6938564088176769,0.6937777045169286,0.7106045589692765,0.855475763016158,0.5320796460176991,0.6938564088176769,0.6773319928806774,0.676567142244324,0.7715464681209387,0.5,0.1965,0.166;0.178;0.391,2018,19.666666666666668,3.0872132778167725,188.31486129760742,191.7
optim,optim_003,mendeley,head3,False,1,False,0.0001,0.01,16,80,8,5,cosine,1.0,0.15,ce,2.0,class,bf16,val_loss,0.15,0.0,32,6,8,2.0,0.4,0.2,argmax,1337,cuda,3,0.6789178932721103,0.6788619500802339,0.6942517343904856,0.8267504488330341,0.5309734513274337,0.6789178932721103,0.5969880401109318,0.5999934462433072,0.7481892764652611,0.5,0.5021,0.221;0.219;0.581,2018,14.666666666666666,2.60521137714386,115.86572504043579,117.0
optim,optim_004,mendeley,head3,False,1,False,0.0006,0.01,16,80,8,5,cosine,1.0,0.15,ce,2.0,class,bf16,val_loss,0.15,0.0,32,6,8,2.0,0.4,0.2,argmax,1337,cuda,3,0.721509548997314,0.7198050555281931,0.734390485629336,0.8599640933572711,0.5796460176991151,0.721509548997314,0.7301734135592758,0.7303446878823026,0.8140922649783131,0.5,0.2686,0.209;0.319;0.269,2018,17.0,2.4753620624542236,127.3844792842865,128.5
optim,optim_005,mendeley,head3,False,1,False,0.001,0.01,16,80,8,5,cosine,1.0,0.15,ce,2.0,class,bf16,val_loss,0.15,0.0,32,6,8,2.0,0.4,0.2,argmax,1337,cuda,3,0.6549798431757036,0.6558175513576207,0.6714568880079287,0.8061041292639138,0.5055309734513275,0.6549798431757036,0.7171507714515508,0.7200076261896062,0.7650661929425969,0.5,0.2942,0.294;0.297;0.329,2018,14.333333333333334,2.458564519882202,106.10503625869751,107.2
optim,optim_006,mendeley,head3,False,1,False,0.003,0.01,16,80,8,5,cosine,1.0,0.15,ce,2.0,class,bf16,val_loss,0.15,0.0,32,6,8,2.0,0.4,0.2,argmax,1337,cuda,3,0.6581849758988851,0.6574401026358018,0.6674925668979187,0.7540394973070018,0.5608407079646017,0.6581849758988851,0.6545686980534697,0.6538494383629112,0.7067367653834543,0.5,0.5358,0.413;0.532;0.536,2018,15.666666666666666,2.4579663276672363,123.62399506568909,124.7
optim,optim_007,mendeley,head3,False,1,False,0.0003,0.01,32,80,8,5,cosine,1.0,0.15,ce,2.0,class,bf16,val_loss,0.15,0.0,32,6,8,2.0,0.4,0.2,argmax,1337,cuda,3,0.7269634688486566,0.7274113852655661,0.7294350842418236,0.7468581687612208,0.7079646017699115,0.7269634688486566,0.7244114039400305,0.7243648813968637,0.7865570534309909,0.5,0.5666,0.582;0.582;0.473,2018,13.666666666666666,1.738950252532959,73.37624454498291,74.6
optim,optim_008,mendeley,head3,False,1,False,0.0003,0.01,64,80,8,5,cosine,1.0,0.15,ce,2.0,class,bf16,val_loss,0.15,0.0,32,6,8,2.0,0.4,0.2,argmax,1337,cuda,3,0.6918250088395892,0.6911979075642268,0.7061446977205154,0.8348294434470377,0.547566371681416,0.6918250088395892,0.6578654738931191,0.6573626491476144,0.7795991484088274,0.5,0.5998,0.270;0.270;0.600,2018,15.666666666666666,1.4756627082824707,70.00150561332703,71.2
optim,optim_009,mendeley,head3,False,1,False,0.0003,0.001,16,80,8,5,cosine,1.0,0.15,ce,2.0,class,bf16,val_loss,0.15,0.0,32,6,8,2.0,0.4,0.2,argmax,1337,cuda,3,0.6699493719735741,0.6721026437457301,0.6912784935579782,0.8563734290843806,0.48783185840707965,0.6699493719735741,0.673762084011877,0.6747668451406873,0.7548572274034413,0.5,0.3329,0.250;0.333;0.333,2018,15.0,3.2810146808624268,151.0537428855896,152.3
optim,optim_010,mendeley,head3,False,1,False,0.0003,0.1,16,80,8,5,cosine,1.0,0.15,ce,2.0,class,bf16,val_loss,0.15,0.0,32,6,8,2.0,0.4,0.2,argmax,1337,cuda,3,0.7382525671050261,0.7359402059071194,0.7502477700693756,0.8734290843806104,0.5984513274336283,0.7382525671050261,0.6355486311778091,0.6385474094787182,0.79211036923468,0.5,0.4638,0.725;0.163;0.712,2018,16.333333333333332,3.503600597381592,199.46044182777405,201.0
optim,optim_011,mendeley,head3,False,1,False,0.0003,0.01,16,80,8,5,onecycle,1.0,0.15,ce,2.0,class,bf16,val_loss,0.15,0.0,32,6,8,2.0,0.4,0.2,argmax,1337,cuda,3,0.7160253675399315,0.7157238524967827,0.7195242814667988,0.7522441651705566,0.6792035398230089,0.7160253675399315,0.6586775113735448,0.6591440793759235,0.793559643157878,0.5,0.4516,0.264;0.274;0.585,2018,13.333333333333334,2.8449654579162598,123.22596836090088,125.7
optim,optim_012,mendeley,head3,False,1,False,0.0003,0.01,16,80,8,5,plateau,1.0,0.15,ce,2.0,class,bf16,val_loss,0.15,0.0,32,6,8,2.0,0.4,0.2,argmax,1337,cuda,3,0.7372866918952777,0.7375667291590537,0.7398414271555996,0.7594254937163375,0.7157079646017699,0.7372866918952777,0.7411382826843279,0.7391177849096773,0.807185995614941,0.5,0.5611,0.561;0.561;0.571,2018,13.0,2.9559171199798584,120.97065901756287,123.0
optim,optim_013,mendeley,head3,False,1,False,0.0003,0.01,16,150,20,5,cosine,1.0,0.15,ce,2.0,class,bf16,val_loss,0.15,0.0,32,6,8,2.0,0.4,0.2,argmax,1337,cuda,3,0.7372866918952777,0.7375667291590537,0.7398414271555996,0.7594254937163375,0.7157079646017699,0.7372866918952777,0.7411382826843279,0.7391177849096773,0.807185995614941,0.5,0.5611,0.561;0.561;0.571,2018,25.0,3.0703747272491455,247.26175451278687,249.5
optim,optim_014,mendeley,head3,False,1,False,0.0003,0.01,16,80,8,5,cosine,1.0,0.15,ce,2.0,class,bf16,val_macro_f1,0.15,0.0,32,6,8,2.0,0.4,0.2,argmax,1337,cuda,3,0.6714229024247557,0.6786633513925739,0.7041625371655104,0.9236983842010772,0.4336283185840708,0.6714229024247557,0.7058441851615358,0.7048078756295578,0.7526036287952209,0.5,0.1268,0.129;0.121;0.127,2018,21.666666666666668,3.8974361419677734,252.84053349494934,256.0
optim,optim_015,mendeley,head3,False,1,False,0.0003,0.01,16,80,8,5,cosine,1.0,0.0,ce,2.0,class,bf16,val_loss,0.15,0.0,32,6,8,2.0,0.4,0.2,argmax,1337,cuda,3,0.7328253258407131,0.7306763476906944,0.7413280475718533,0.8330341113105925,0.6283185840707964,0.7328253258407131,0.7188699650231999,0.7188021321555107,0.8102652682671072,0.5,0.2999,0.271;0.237;0.532,2018,13.0,2.5065438747406006,104.97029662132263,106.3
optim,optim_016,mendeley,head3,False,1,False,0.0003,0.01,16,80,8,5,cosine,1.0,0.3,ce,2.0,class,bf16,val_loss,0.15,0.0,32,6,8,2.0,0.4,0.2,argmax,1337,cuda,3,0.6602300071524276,0.6629810060215122,0.682358771060456,0.8491921005385996,0.47676991150442477,0.6602300071524276,0.6456127800945011,0.6468001779444241,0.777372360623441,0.5,0.287,0.287;0.287;0.632,2018,15.0,2.5697686672210693,116.57583713531494,117.9
loss,loss_017,mendeley,head3,False,1,False,0.0003,0.01,16,80,8,5,cosine,1.0,0.15,weighted_ce,2.0,natural,bf16,val_loss,0.15,0.0,32,6,8,2.0,0.4,0.2,argmax,1337,cuda,3,0.7219206684862344,0.7200542968812063,0.7333994053518335,0.848294434470377,0.5918141592920354,0.7219206684862344,0.7149335264508401,0.7132175370585151,0.8024613328355126,0.5,0.3598,0.360;0.367;0.529,2018,15.666666666666666,2.61177921295166,123.1001877784729,124.3
loss,loss_018,mendeley,head3,False,1,False,0.0003,0.01,16,80,8,5,cosine,1.0,0.15,focal,2.0,natural,bf16,val_loss,0.15,0.0,32,6,8,2.0,0.4,0.2,argmax,1337,cuda,3,0.6638259780505623,0.6629800130280739,0.6709613478691774,0.7396768402154399,0.5862831858407079,0.6638259780505623,0.639045172200722,0.6532943550309019,0.7695093420822676,0.5,0.4685,0.474;0.473;0.384,2018,13.0,2.5755410194396973,100.75113606452942,102.4
loss,loss_019,mendeley,head3,False,1,False,0.0003,0.01,16,80,8,5,cosine,1.0,0.15,focal,2.0,class,bf16,val_loss,0.15,0.0,32,6,8,2.0,0.4,0.2,argmax,1337,cuda,3,0.6238777323054472,0.6443355682305651,0.6273538156590683,0.48114901256732495,0.8075221238938053,0.6238777323054472,0.6422420676971538,0.6416266821308845,0.7123983174719182,0.5,0.5588,0.578;0.559;0.573,2018,13.0,2.526862621307373,98.87914872169495,100.1
loss,loss_020,mendeley,head3,False,1,False,0.0003,0.01,16,80,8,5,cosine,1.0,0.15,ce,2.0,natural,bf16,val_loss,0.15,0.0,32,6,8,2.0,0.4,0.2,argmax,1337,cuda,3,0.620155897072501,0.6349458222780064,0.6630327056491576,0.9048473967684022,0.36504424778761063,0.620155897072501,0.7023140274509448,0.7009083903973563,0.7194967310656011,0.5,0.2655,0.266;0.266;0.274,2018,16.666666666666668,2.4618351459503174,123.02513217926025,124.2
loss,loss_021,mendeley,head3,False,1,False,0.0003,0.01,16,80,8,5,cosine,1.0,0.15,ce,2.0,cell,bf16,val_loss,0.15,0.0,32,6,8,2.0,0.4,0.2,argmax,1337,cuda,3,0.6495449454533018,0.6553965221397817,0.6778989098116948,0.8716337522441652,0.4391592920353982,0.6495449454533018,0.5965074987401882,0.5995446132091959,0.6969567730096439,0.5,0.2433,0.243;0.325;0.152,2018,14.333333333333334,2.4755396842956543,106.49707293510437,107.7
decision,decision_022,mendeley,head3,False,1,False,0.0003,0.01,16,80,8,5,cosine,1.0,0.15,ce,2.0,class,bf16,val_loss,0.15,0.0,32,6,8,2.0,0.4,0.2,oof_macro_f1,1337,cuda,3,0.7016555318812434,0.7104093516150045,0.7016848364717542,0.6265709156193896,0.7942477876106194,0.7273612665872873,0.7016555318812434,0.7104093516150045,0.7985434772247026,0.569,0.569,0.569;0.271;0.569,2018,16.333333333333332,2.47627854347229,121.41683650016785,122.5
decision,decision_023,mendeley,head3,False,1,False,0.0003,0.01,16,80,8,5,cosine,1.0,0.15,ce,2.0,class,bf16,val_loss,0.15,0.0,32,6,8,2.0,0.4,0.2,oof_bal_acc,1337,cuda,3,0.7016555318812434,0.7104093516150045,0.7016848364717542,0.6265709156193896,0.7942477876106194,0.7273612665872873,0.7016555318812434,0.7104093516150045,0.7985434772247026,0.569,0.569,0.569;0.271;0.569,2018,16.333333333333332,2.5066051483154297,123.30481219291687,124.5
capacity,capacity_024,mendeley,head3,False,1,False,0.0003,0.01,16,80,8,5,cosine,1.0,0.15,ce,2.0,class,bf16,val_loss,0.0,0.0,32,6,8,2.0,0.4,0.2,argmax,1337,cuda,3,0.7089670962281627,0.708148305555997,0.7135777998017839,0.7603231597845601,0.6559734513274337,0.7089670962281627,0.7117924352612011,0.71385106687215,0.7658620771833939,0.5,0.4122,0.412;0.412;0.450,2018,14.0,2.445235252380371,102.71851992607117,103.9
capacity,capacity_025,mendeley,head3,False,1,False,0.0003,0.01,16,80,8,5,cosine,1.0,0.15,ce,2.0,class,bf16,val_loss,0.3,0.0,32,6,8,2.0,0.4,0.2,argmax,1337,cuda,3,0.7279219307026523,0.7263419313325177,0.7338949454905848,0.7989228007181328,0.6537610619469026,0.7279219307026523,0.6997111954822448,0.6983971099918972,0.7733904569358605,0.5,0.5985,0.256;0.599;0.666,2018,13.666666666666666,2.543210029602051,104.85404062271118,106.0
capacity,capacity_026,mendeley,head3,False,1,False,0.0003,0.01,16,80,8,5,cosine,1.0,0.15,ce,2.0,class,bf16,val_loss,0.15,0.1,32,6,8,2.0,0.4,0.2,argmax,1337,cuda,3,0.6699217051837167,0.6767319791550817,0.7016848364717542,0.9165170556552962,0.43694690265486724,0.6699217051837167,0.6460717047389504,0.6551353648655089,0.7632326305587772,0.5,0.2063,0.206;0.133;0.206,2018,14.333333333333334,2.701786994934082,116.20459771156311,117.4
capacity,capacity_027,mendeley,head3,False,1,False,0.0003,0.01,16,80,8,5,cosine,1.0,0.15,ce,2.0,class,bf16,val_loss,0.15,0.0,32,3,8,2.0,0.4,0.2,argmax,1337,cuda,3,0.72200775868894,0.7217096169428512,0.7413280475718533,0.9102333931777379,0.5331858407079646,0.72200775868894,0.7101199454140632,0.7093587645572839,0.7917280667609349,0.5,0.2034,0.203;0.193;0.368,2018,14.666666666666666,1.7601815462112427,77.6549026966095,78.4
capacity,capacity_028,mendeley,head3,False,1,False,0.0003,0.01,16,80,8,5,cosine,1.0,0.15,ce,2.0,class,bf16,val_loss,0.15,0.0,32,8,8,2.0,0.4,0.2,argmax,1337,cuda,3,0.6611286176299858,0.662237253936226,0.6788899900891973,0.822262118491921,0.5022123893805309,0.6611286176299858,0.6502058962695063,0.6520441762920831,0.7463586930617563,0.5,0.4313,0.431;0.431;0.141,2018,15.0,2.9869978427886963,134.73461437225342,136.1
capacity,capacity_029,mendeley,head3,False,1,False,0.0003,0.01,16,80,8,5,cosine,1.0,0.15,ce,2.0,class,bf16,val_loss,0.15,0.0,16,6,8,2.0,0.4,0.2,argmax,1337,cuda,3,0.6563580651547931,0.6566198900557665,0.6709613478691774,0.7944344703770198,0.5188053097345132,0.6563580651547931,0.6287658008838753,0.6286562018398183,0.7206317225655773,0.5,0.3103,0.244;0.310;0.698,2018,18.666666666666668,2.8402762413024902,159.62811970710754,160.6
capacity,capacity_030,mendeley,head3,False,1,False,0.0003,0.01,16,80,8,5,cosine,1.0,0.15,ce,2.0,class,bf16,val_loss,0.3,0.0,16,3,8,2.0,0.4,0.2,argmax,1337,cuda,3,0.7265297612842698,0.7265772707773948,0.7294350842418236,0.7540394973070018,0.6991150442477876,0.7265297612842698,0.6822222397190707,0.6856381373031887,0.7837587979218633,0.5,0.5623,0.207;0.562;0.562,2018,18.0,1.874199390411377,101.80726957321167,102.5
capacity,capacity_031,mendeley,head3,False,1,False,0.0003,0.01,16,80,8,5,cosine,1.0,0.15,ce,2.0,class,bf16,val_loss,0.15,0.0,32,6,8,2.0,0.0,0.2,argmax,1337,cuda,3,0.6548026657337678,0.6544293465308781,0.6595639246778989,0.703770197486535,0.6050884955752213,0.6548026657337678,0.6081504216155396,0.6107336632719531,0.7120547417422666,0.5,0.6014,0.116;0.601;0.601,2018,16.333333333333332,2.334829330444336,113.77699899673462,114.9
combine,combine_001,mendeley,head3,False,1,False,0.0003,0.1,16,80,8,5,plateau,1.0,0.15,ce,2.0,class,bf16,val_loss,0.15,0.0,32,6,8,2.0,0.4,0.2,argmax,1337,cuda,3,0.7257105267526603,0.7241484088273145,0.7403369672943508,0.8797127468581688,0.5685840707964602,0.7257105267526603,0.6589004584437124,0.6621449055464641,0.767875867876265,0.5,0.7249,0.725;0.206;0.560,2018,15.666666666666666,1.3601982593536377,64.50528979301453,66.9
combine,combine_002,mendeley,head3,False,1,False,0.0003,0.1,16,80,8,5,cosine,1.0,0.0,ce,2.0,class,bf16,val_loss,0.15,0.0,32,6,8,2.0,0.4,0.2,argmax,1337,cuda,3,0.6970494832265142,0.6977040005719642,0.7165510406342914,0.8788150807899462,0.5165929203539823,0.6970494832265142,0.6525052036045385,0.6535902670755152,0.7563104733003925,0.5,0.3769,0.160;0.377;0.367,2018,13.333333333333334,1.3345847129821777,53.511382818222046,54.3
combine,combine_003,mendeley,head3,False,1,False,0.0003,0.1,16,80,8,5,cosine,1.0,0.15,ce,2.0,class,bf16,val_loss,0.3,0.0,32,6,8,2.0,0.4,0.2,argmax,1337,cuda,3,0.7332107526554925,0.7310934049347801,0.7413280475718533,0.829443447037702,0.6327433628318584,0.7332107526554925,0.7363691840748476,0.7340495464005974,0.7706726338952352,0.5,0.6758,0.599;0.676;0.676,2018,14.0,1.2917773723602295,55.13956022262573,55.9
combine,combine_004,mendeley,head3,False,1,False,0.0003,0.1,16,80,8,5,plateau,1.0,0.0,ce,2.0,class,bf16,val_loss,0.15,0.0,32,6,8,2.0,0.4,0.2,argmax,1337,cuda,3,0.6970494832265142,0.6977040005719642,0.7165510406342914,0.8788150807899462,0.5165929203539823,0.6970494832265142,0.6525052036045385,0.6535902670755152,0.7563104733003925,0.5,0.3769,0.160;0.377;0.367,2018,13.333333333333334,1.3968265056610107,62.64249062538147,63.8
combine,combine_005,mendeley,head3,False,1,False,0.0003,0.1,16,80,8,5,cosine,1.0,0.15,ce,2.0,class,bf16,val_loss,0.3,0.0,16,3,8,2.0,0.4,0.2,argmax,1337,cuda,3,0.7712742983287622,0.7686543747318918,0.7775024777006938,0.8536804308797128,0.6836283185840708,0.7712742983287622,0.7118630920153575,0.711867065982428,0.8563610166664019,0.5,0.5378,0.320;0.826;0.600,2018,16.0,0.9573864936828613,51.616310834884644,52.1
combine,combine_001,mendeley,head3,False,1,False,0.0003,0.01,16,80,8,5,plateau,1.0,0.0,ce,2.0,class,bf16,val_loss,0.15,0.0,32,6,8,2.0,0.4,0.2,argmax,1337,cuda,3,0.7328253258407131,0.7306763476906944,0.7413280475718533,0.8330341113105925,0.6283185840707964,0.7328253258407131,0.7188699650231999,0.7188021321555107,0.8102652682671072,0.5,0.2999,0.271;0.237;0.532,2018,13.0,1.2847013473510742,51.05621385574341,53.5
combine,combine_002,mendeley,head3,False,1,False,0.0003,0.1,16,150,20,5,cosine,1.0,0.15,ce,2.0,class,bf16,val_loss,0.15,0.0,32,6,8,2.0,0.4,0.2,argmax,1337,cuda,3,0.7173060344827586,0.7156295181201442,0.7294350842418236,0.848294434470377,0.5829646017699115,0.7173060344827586,0.7130967202233909,0.7127011804705994,0.7515932579717512,0.5,0.485,0.725;0.485;0.705,2018,26.0,1.4115301370620728,116.81232762336731,117.6
combine,combine_003,mendeley,head3,False,1,False,0.0003,0.1,16,80,8,5,plateau,1.0,0.15,ce,2.0,class,bf16,val_loss,0.3,0.0,32,6,8,2.0,0.4,0.2,argmax,1337,cuda,3,0.7559575854726803,0.7534486662112136,0.7631318136769079,0.8464991023339318,0.6603982300884956,0.7559575854726803,0.7140432372411112,0.7127190543524888,0.7524219109960121,0.5,0.503,0.503;0.503;0.599,2018,16.333333333333332,1.4809443950653076,80.78147053718567,81.7
combine,combine_004,mendeley,head3,False,1,False,0.0003,0.03,16,80,8,5,cosine,1.0,0.15,ce,2.0,class,bf16,val_loss,0.15,0.0,32,6,8,2.0,0.4,0.2,argmax,1337,cuda,3,0.7148251479397538,0.7138163121018096,0.7304261645193261,0.8734290843806104,0.5542035398230089,0.7148251479397538,0.7368657233778699,0.735504281787706,0.7999952336314962,0.5,0.3558,0.356;0.266;0.384,2018,16.0,1.4528864622116089,76.80645966529846,77.6
combine,combine_005,mendeley,head3,False,1,False,0.0003,0.3,16,80,8,5,cosine,1.0,0.15,ce,2.0,class,bf16,val_loss,0.15,0.0,32,6,8,2.0,0.4,0.2,argmax,1337,cuda,3,0.7192605020552167,0.7174109483484533,0.7279484638255699,0.8186714542190305,0.6161504424778761,0.7192605020552167,0.7157980096869386,0.7144955196136065,0.8090344529003352,0.5,0.2344,0.234;0.234;0.472,2018,16.666666666666668,1.4021955728530884,80.95959901809692,81.8
combine,combine_006,mendeley,head3,False,1,False,0.0006,0.1,16,80,8,5,cosine,1.0,0.15,ce,2.0,class,bf16,val_loss,0.15,0.0,32,6,8,2.0,0.4,0.2,argmax,1337,cuda,3,0.6662872636801097,0.6662529194007086,0.6699702675916749,0.7019748653500898,0.6305309734513275,0.6662872636801097,0.6551822740492248,0.654773915253968,0.7268389245483865,0.5,0.6908,0.288;0.717;0.691,2018,15.666666666666666,1.3873934745788574,66.8325982093811,67.6
combine,combine_007,mendeley,head3,False,1,False,0.0003,0.1,16,80,8,5,cosine,1.0,0.15,weighted_ce,2.0,natural,bf16,val_loss,0.15,0.0,32,6,8,2.0,0.4,0.2,argmax,1337,cuda,3,0.6352222820990456,0.6526181264994201,0.6833498513379583,0.947935368043088,0.3573008849557522,0.6352222820990456,0.6636086138942245,0.666320442954513,0.7746456006418712,0.5,0.3032,0.303;0.303;0.245,2018,14.666666666666666,1.4072866439819336,63.286454916000366,64.1
combine,combine_008,mendeley,head3,False,1,False,0.0003,0.1,16,80,8,5,plateau,1.0,0.15,ce,2.0,class,bf16,val_loss,0.3,0.0,16,3,8,2.0,0.4,0.2,argmax,1337,cuda,3,0.7285889831181412,0.7286853958469042,0.7314172447968286,0.7549371633752244,0.702433628318584,0.7285889831181412,0.7038664982263032,0.7046480036859917,0.8010572401137573,0.5,0.5767,0.327;0.577;0.575,2018,14.666666666666666,0.9078354835510254,41.49149942398071,41.9
combine,combine_009,mendeley,head3,False,1,False,0.0003,0.1,16,80,8,5,cosine,1.0,0.0,ce,2.0,class,bf16,val_loss,0.3,0.0,32,6,8,2.0,0.4,0.2,argmax,1337,cuda,3,0.6761621849980313,0.675760831572425,0.6897918731417245,0.8105924596050269,0.540929203539823,0.6761621849980313,0.6322138055627806,0.6319747859106146,0.733278983492477,0.5,0.607,0.148;0.608;0.607,2018,14.0,1.5566290616989136,67.97080087661743,68.8
combine,combine_010,mendeley,head3,False,1,False,0.0003,0.1,16,80,8,5,cosine,1.0,0.15,ce,2.0,class,bf16,val_loss,0.15,0.0,32,6,8,2.0,0.6,0.2,argmax,1337,cuda,3,0.6564431639601885,0.6650851591172685,0.6907829534192269,0.9120287253141831,0.41814159292035397,0.6564431639601885,0.7242010092514719,0.7229280198916446,0.8026415611445639,0.5,0.291,0.291;0.288;0.308,2018,13.666666666666666,1.584770917892456,71.10775256156921,71.9
combine,combine_011,mendeley,head3,False,1,False,0.0003,0.1,16,80,8,5,cosine,1.0,0.15,ce,2.0,class,bf16,val_macro_f1,0.15,0.0,32,6,8,2.0,0.4,0.2,argmax,1337,cuda,3,0.7028198741022832,0.7067898905324034,0.7314172447968286,0.9434470377019749,0.47013274336283184,0.7028198741022832,0.7137957710159877,0.7140734974023292,0.8252996854196787,0.5,0.1067,0.100;0.080;0.107,2018,17.666666666666668,1.4874687194824219,87.63380193710327,88.5
cvseed,cvseed_001,mendeley,head3,False,1,False,0.0003,0.01,16,80,8,5,cosine,1.0,0.15,ce,2.0,class,bf16,val_loss,0.15,0.0,32,6,8,2.0,0.4,0.2,argmax,7,cuda,3,0.7400741741726211,0.7432605535342622,0.740832507433102,0.7199281867145422,0.7665929203539823,0.7400741741726211,0.7608190594235928,0.7588525365024388,0.8024226060914189,0.5,0.6439,0.703;0.637;0.644,2018,14.0,1.4906094074249268,68.90764737129211,72.3
cvseed,cvseed_002,mendeley,head3,False,1,False,0.0003,0.1,16,80,8,5,cosine,1.0,0.15,ce,2.0,class,bf16,val_loss,0.3,0.0,16,3,8,2.0,0.4,0.2,argmax,7,cuda,3,0.7034600472492567,0.7022916302569072,0.7165510406342914,0.8393177737881508,0.5652654867256637,0.7034600472492567,0.688329459479746,0.68720805992914,0.7477702332342988,0.5,0.6086,0.234;0.414;0.818,2018,18.0,0.933812141418457,56.19132375717163,56.6
cvseed,cvseed_003,mendeley,head3,False,1,False,0.0003,0.1,16,80,8,5,plateau,1.0,0.15,ce,2.0,class,bf16,val_loss,0.3,0.0,32,6,8,2.0,0.4,0.2,argmax,7,cuda,3,0.670874303943402,0.6750905610015729,0.6972249752229931,0.8877917414721723,0.46238938053097345,0.670874303943402,0.6373839476374592,0.6481307891517454,0.7756445520408001,0.5,0.2337,0.234;0.234;0.178,2018,20.0,1.3956831693649292,83.74288320541382,84.6
cvseed,cvseed_004,mendeley,head3,False,1,False,0.0003,0.1,16,80,8,5,cosine,1.0,0.15,ce,2.0,class,bf16,val_loss,0.15,0.0,32,6,8,2.0,0.4,0.2,argmax,7,cuda,3,0.7185648228283179,0.7196451835846269,0.7205153617443013,0.7280071813285458,0.7112831858407079,0.7185648228283179,0.7209347069946699,0.719609435820848,0.748725989418662,0.5,0.5763,0.576;0.576;0.700,2018,14.0,1.3477425575256348,57.04075741767883,57.9
ampoff,ampoff_001,mendeley,head3,False,1,False,0.0003,0.01,16,80,8,5,cosine,1.0,0.15,ce,2.0,class,off,val_loss,0.15,0.0,32,6,8,2.0,0.4,0.2,argmax,1337,cuda,3,0.6769877903513997,0.6802769657298104,0.7016848364717542,0.8859964093357271,0.4745575221238938,0.6769877903513997,0.7088658371804977,0.7074412942279278,0.7783390397356253,0.5,0.3987,0.396;0.266;0.400,2018,14.0,1.542201280593872,65.22192764282227,67.9
