family,file,machine,arch,dotnet,upx,n_exec,max_entropy,tag
_upx_packed,AutoHotkey_2.0.27_setup.exe,0x14c,x86,0,1,1,8.00,upx
_upx_packed,Effects.dll,0x14c,x86,0,1,1,7.92,upx
_upx_packed,Icons.dll,0x14c,x86,0,1,1,7.82,upx
_upx_packed,Picocrypt.exe,0x8664,x64,0,1,1,8.00,upx
_upx_packed,atk-1.0-0.dll,0x14c,x86,0,1,1,7.86,upx
_upx_packed,brotlidec.dll,0x14c,x86,0,1,1,7.82,upx
_upx_packed,bz2.dll,0x14c,x86,0,1,1,7.87,upx
_upx_packed,cairo-gobject-2.dll,0x14c,x86,0,1,1,7.74,upx
_upx_packed,fribidi-0.dll,0x14c,x86,0,1,1,7.83,upx
_upx_packed,gio-2.0-0.dll,0x14c,x86,0,1,1,7.91,upx
_upx_packed,girepository-1.0-1.dll,0x14c,x86,0,1,1,7.86,upx
_upx_packed,girepository-2.0-0.dll,0x14c,x86,0,1,1,7.88,upx
_upx_packed,glib-2.0-0.dll,0x14c,x86,0,1,1,7.93,upx
_upx_packed,gmodule-2.0-0.dll,0x14c,x86,0,1,1,7.66,upx
_upx_packed,gtk-3-vs17.dll,0x14c,x86,0,1,1,7.92,upx
_upx_packed,harfbuzz-gobject.dll,0x14c,x86,0,1,1,7.83,upx
_upx_packed,harfbuzz.dll,0x14c,x86,0,1,1,7.91,upx
_upx_packed,libcrypto-3.dll,0x14c,x86,0,1,1,7.92,upx
_upx_packed,liblzma_8a42d94e.dll,0x14c,x86,0,1,1,7.89,upx
_upx_packed,libpng16.dll,0x14c,x86,0,1,1,7.90,upx
_upx_packed,pixbufloader-svg.dll,0x14c,x86,0,1,1,7.61,upx
_upx_packed,pywintypes312.dll,0x14c,x86,0,1,1,7.90,upx
_upx_packed,rufus-4.15.exe,0x8664,x64,0,1,1,8.00,upx
_upx_packed,tiff.dll,0x14c,x86,0,1,1,7.91,upx
everyday,ADExplorer64.exe,0x8664,x64,0,0,1,6.43,plain
everyday,ADInsight64.exe,0x8664,x64,0,0,1,6.42,plain
everyday,API-MS-Win-core-xstate-l2-1-0.dll,0x14c,x86,0,0,1,4.68,plain
everyday,AccessEnum.exe,0x14c,x86,0,0,1,6.64,plain
everyday,AccessibleMarshal.dll,0x8664,x64,0,0,2,5.91,plain
everyday,AdysTech.CredentialManager.dll,0x14c,x86,1,0,1,5.80,dotnet
everyday,AppInsights.WindowsDesktop.dll,0x14c,x86,1,0,1,6.57,dotnet
everyday,AutoHotkey_2.0.27_setup.exe,0x14c,x86,0,0,1,6.62,plain
everyday,Autologon64.exe,0x8664,x64,0,0,1,6.47,plain
everyday,Ben.Demystifier.dll,0x14c,x86,1,0,1,6.94,dotnet
everyday,Bginfo64.exe,0x8664,x64,0,0,1,6.41,plain
everyday,Bitwarden-Installer-2026.8.0.exe,0x14c,x86,0,0,1,6.52,plain
everyday,Brave_151.1.93.138_User_X64_exe_en-US.exe,0x14c,x86,0,0,1,6.64,plain
everyday,CM_FH_5d49acd_libpixbufloader_bmp.dll,0x8664,x64,0,0,1,6.19,plain
everyday,CM_FH_9940d7e_libpixbufloader_ani.dll,0x8664,x64,0,0,1,6.19,plain
everyday,CM_FH_e3544a7_libpixbufloader_tga.dll,0x8664,x64,0,0,1,6.20,plain
everyday,CM_FH_f8a3c06_libpixbufloader_avif.dll,0x8664,x64,0,0,1,5.99,plain
everyday,CM_FP_inkscape.bin.gdb.exe,0x8664,x64,0,0,1,6.26,plain
everyday,CM_FP_inkscape.bin.gdbus.exe,0x8664,x64,0,0,1,5.98,plain
everyday,CM_FP_inkscape.bin.inkview.exe,0x8664,x64,0,0,1,5.98,plain
everyday,CM_FP_inkscape.bin.libGraphicsMagick_3.dll,0x8664,x64,0,0,1,6.36,plain
everyday,CM_FP_inkscape.bin.libSvtAv1Enc_3.dll,0x8664,x64,0,0,2,6.57,plain
everyday,CM_FP_inkscape.bin.libaom.dll,0x8664,x64,0,0,1,6.30,plain
everyday,CM_FP_inkscape.bin.libbrotlicommon.dll,0x8664,x64,0,0,1,6.31,plain
everyday,CM_FP_inkscape.bin.libcairo_2.dll,0x8664,x64,0,0,1,6.28,plain
everyday,CM_FP_inkscape.bin.libcairo_gobject_2.dll,0x8664,x64,0,0,1,5.85,plain
everyday,CM_FP_inkscape.bin.libcairomm_1.0_1.dll,0x8664,x64,0,0,1,5.94,plain
everyday,CM_FP_inkscape.bin.libdouble_conversion.dll,0x8664,x64,0,0,1,6.35,plain
everyday,CM_FP_inkscape.bin.libenchant_2_2.dll,0x8664,x64,0,0,1,6.03,plain
everyday,CM_FP_inkscape.bin.libexpat_1.dll,0x8664,x64,0,0,1,6.14,plain
everyday,CM_FP_inkscape.bin.libexslt_0.dll,0x8664,x64,0,0,1,6.22,plain
everyday,CM_FP_inkscape.bin.libffi_8.dll,0x8664,x64,0,0,1,6.20,plain
everyday,CM_FP_inkscape.bin.libgc_1.dll,0x8664,x64,0,0,1,6.22,plain
everyday,CM_FP_inkscape.bin.libgcc_s_seh_1.dll,0x8664,x64,0,0,1,6.22,plain
everyday,CM_FP_inkscape.bin.libgdk_3_0.dll,0x8664,x64,0,0,1,6.24,plain
everyday,CM_FP_inkscape.bin.libgdk_pixbuf_2.0_0.dll,0x8664,x64,0,0,1,6.25,plain
everyday,CM_FP_inkscape.bin.libgiomm_2.4_1.dll,0x8664,x64,0,0,1,6.14,plain
everyday,CM_FP_inkscape.bin.libgirepository_2.0_0.dll,0x8664,x64,0,0,1,6.33,plain
everyday,CM_FP_inkscape.bin.libglib_2.0_0.dll,0x8664,x64,0,0,1,6.35,plain
everyday,CM_FP_inkscape.bin.libgmodule_2.0_0.dll,0x8664,x64,0,0,1,6.01,plain
everyday,CM_FP_inkscape.bin.libgmp_10.dll,0x8664,x64,0,0,1,6.42,plain
everyday,CM_FP_inkscape.bin.libgobject_2.0_0.dll,0x8664,x64,0,0,1,6.22,plain
everyday,CM_FP_inkscape.bin.libgomp_1.dll,0x8664,x64,0,0,1,6.20,plain
everyday,CM_FP_inkscape.bin.libgsl_28.dll,0x8664,x64,0,0,1,6.35,plain
everyday,CM_FP_inkscape.bin.libgslcblas_0.dll,0x8664,x64,0,0,1,6.43,plain
everyday,CM_FP_inkscape.bin.libgspell_1_3.dll,0x8664,x64,0,0,1,6.04,plain
everyday,CM_FP_inkscape.bin.libgtk_3_0.dll,0x8664,x64,0,0,1,6.28,plain
everyday,CM_FP_inkscape.bin.libharfbuzz_0.dll,0x8664,x64,0,0,1,6.37,plain
everyday,CM_FP_inkscape.bin.libharfbuzz_subset_0.dll,0x8664,x64,0,0,1,6.24,plain
everyday,CM_FP_inkscape.bin.libheif.dll,0x8664,x64,0,0,1,6.14,plain
everyday,CM_FP_inkscape.bin.libiconv_2.dll,0x8664,x64,0,0,1,6.24,plain
everyday,CM_FP_inkscape.bin.libicuin78.dll,0x8664,x64,0,0,1,6.22,plain
everyday,CM_FP_inkscape.bin.libidn2_0.dll,0x8664,x64,0,0,1,6.25,plain
everyday,CM_FP_inkscape.bin.libintl_8.dll,0x8664,x64,0,0,1,6.31,plain
everyday,CM_FP_inkscape.bin.libjbig_0.dll,0x8664,x64,0,0,1,6.27,plain
everyday,CM_FP_inkscape.bin.libjxl_cms.dll,0x8664,x64,0,0,1,6.30,plain
everyday,CM_FP_inkscape.bin.libjxl_threads.dll,0x8664,x64,0,0,1,6.11,plain
everyday,CM_FP_inkscape.bin.libkvazaar_7.dll,0x8664,x64,0,0,1,6.37,plain
everyday,CM_FP_inkscape.bin.liblcms2_2.dll,0x8664,x64,0,0,1,6.35,plain
everyday,CM_FP_inkscape.bin.libnghttp2_14.dll,0x8664,x64,0,0,1,6.22,plain
everyday,CM_FP_inkscape.bin.libngtcp2_crypto_ossl.dll,0x8664,x64,0,0,1,5.97,plain
everyday,CM_FP_inkscape.bin.libopenjp2_7.dll,0x8664,x64,0,0,1,6.29,plain
everyday,CM_FP_inkscape.bin.libpanelw6.dll,0x8664,x64,0,0,1,6.20,plain
everyday,CM_FP_inkscape.bin.libpangocairo_1.0_0.dll,0x8664,x64,0,0,1,6.13,plain
everyday,CM_FP_inkscape.bin.libpangoft2_1.0_0.dll,0x8664,x64,0,0,1,6.12,plain
everyday,CM_FP_inkscape.bin.libpcre2_8_0.dll,0x8664,x64,0,0,1,6.09,plain
everyday,CM_FP_inkscape.bin.libpixman_1_0.dll,0x8664,x64,0,0,1,6.39,plain
everyday,CM_FP_inkscape.bin.libplc4.dll,0x8664,x64,0,0,1,6.18,plain
everyday,CM_FP_inkscape.bin.libpng16_16.dll,0x8664,x64,0,0,1,6.31,plain
everyday,CM_FP_inkscape.bin.libpsl_5.dll,0x8664,x64,0,0,1,6.28,plain
everyday,CM_FP_inkscape.bin.libquadmath_0.dll,0x8664,x64,0,0,1,5.80,plain
everyday,CM_FP_inkscape.bin.libreadline8.dll,0x8664,x64,0,0,1,6.27,plain
everyday,CM_FP_inkscape.bin.libsharpyuv_0.dll,0x8664,x64,0,0,1,6.29,plain
everyday,CM_FP_inkscape.bin.libtermcap_0.dll,0x8664,x64,0,0,1,6.34,plain
everyday,CM_FP_inkscape.bin.libunistring_5.dll,0x8664,x64,0,0,1,6.37,plain
everyday,CM_FP_inkscape.bin.libvisio_0.1.dll,0x8664,x64,0,0,1,6.14,plain
everyday,CM_FP_inkscape.bin.libwebpmux_3.dll,0x8664,x64,0,0,1,6.23,plain
everyday,CM_FP_inkscape.bin.libxml2_16.dll,0x8664,x64,0,0,1,6.19,plain
everyday,CM_FP_inkscape.bin.libxxhash.dll,0x8664,x64,0,0,1,6.49,plain
everyday,CM_FP_python.bin.pythonw.exe,0x8664,x64,0,0,1,5.97,plain
everyday,CPUID CPU-Z_2.21_Machine_X64_inno_en-US.exe,0x14c,x86,0,0,2,6.38,plain
everyday,CPUSTRES64.EXE,0x8664,x64,0,0,1,6.38,plain
everyday,Cacheset.exe,0x14c,x86,0,0,1,6.61,plain
everyday,CoinMP.dll,0x8664,x64,0,0,1,6.43,plain
everyday,ConEmu.exe,0x14c,x86,0,0,1,6.63,plain
everyday,ConEmuC.exe,0x14c,x86,0,0,1,6.64,plain
everyday,ConEmuCD64.dll,0x8664,x64,0,0,1,6.46,plain
everyday,ConEmuHk.dll,0x14c,x86,0,0,1,6.69,plain
everyday,ConEmuHk64.dll,0x8664,x64,0,0,1,6.46,plain
everyday,Controls.dll,0x8664,x64,0,0,1,6.32,plain
everyday,CrystalDiskInfo_9.9.2_Machine_X64_inno_en-US.exe,0x14c,x86,0,0,2,6.36,plain
everyday,Desktops.exe,0x14c,x86,0,0,1,6.65,plain
everyday,Deutsch.dll,0x14c,x86,0,0,1,3.91,plain
everyday,DiskView64.exe,0x8664,x64,0,0,1,6.47,plain
everyday,Diskmon64.exe,0x8664,x64,0,0,1,6.49,plain
everyday,Effects.dll,0x14c,x86,0,0,1,6.68,plain
everyday,Effects_7fa6bd73.dll,0x8664,x64,0,0,1,6.55,plain
everyday,EnVar.dll,0x14c,x86,0,0,1,5.81,plain
everyday,EnvDTE.dll,0x14c,x86,1,0,1,5.14,dotnet
everyday,ExCSS.dll,0x14c,x86,1,0,1,6.15,dotnet
everyday,FindProcDLL.dll,0x14c,x86,0,0,1,6.01,plain
everyday,GIMP_3.2.4.0_User_X64_inno_en-US.exe,0x14c,x86,0,0,2,6.39,plain
everyday,GUP.exe,0x8664,x64,0,0,1,6.41,plain
everyday,Git.hub.dll,0x14c,x86,1,0,1,5.83,dotnet
everyday,GitCommands.dll,0x14c,x86,1,0,1,6.58,dotnet
everyday,GitExtSshAskPass.exe,0x14c,x86,0,0,1,6.11,plain
everyday,GitExtUtils.dll,0x14c,x86,1,0,1,6.81,dotnet
everyday,GitExtensions.PluginManager.dll,0x14c,x86,1,0,1,5.87,dotnet
everyday,GitExtensions.Plugins.AppVeyorIntegration.dll,0x14c,x86,1,0,1,6.77,dotnet
everyday,GitExtensions.Plugins.AutoCompileSubmodules.dll,0x14c,x86,1,0,1,7.26,dotnet
everyday,GitExtensions.Plugins.AzureDevOpsIntegration.dll,0x14c,x86,1,0,1,6.88,dotnet
everyday,GitExtensions.Plugins.BackgroundFetch.dll,0x14c,x86,1,0,1,7.15,dotnet
everyday,GitExtensions.Plugins.CreateLocalBranches.dll,0x14c,x86,1,0,1,7.31,dotnet
everyday,GitExtensions.Plugins.FindLargeFiles.dll,0x14c,x86,1,0,1,6.82,dotnet
everyday,GitExtensions.Plugins.GitHub3.dll,0x14c,x86,1,0,1,6.83,dotnet
everyday,GitExtensions.Plugins.GitHubActionsIntegration.dll,0x14c,x86,1,0,1,6.80,dotnet
everyday,GitExtensions.Plugins.GitStatistics.dll,0x14c,x86,1,0,1,6.66,dotnet
everyday,GitExtensions.Plugins.GitlabIntegration.dll,0x14c,x86,1,0,1,7.01,dotnet
everyday,GitExtensions.Plugins.Gource.dll,0x14c,x86,1,0,1,6.82,dotnet
everyday,GitExtensions.Plugins.ProxySwitcher.dll,0x14c,x86,1,0,1,7.14,dotnet
everyday,GitExtensions.Plugins.ReleaseNotesGenerator.dll,0x14c,x86,1,0,1,6.91,dotnet
everyday,GitExtensions.dll,0x14c,x86,1,0,1,7.12,dotnet
everyday,GitExtensions.exe,0x8664,x64,0,0,1,6.37,plain
everyday,GitExtensionsShellEx32.dll,0x14c,x86,0,0,1,6.72,plain
everyday,GitExtensionsShellEx64.dll,0x8664,x64,0,0,1,6.56,plain
everyday,GitUI.dll,0x14c,x86,1,0,1,6.65,dotnet
everyday,Godot_v3.6.3-stable_win64.exe,0x8664,x64,0,0,1,6.20,plain
everyday,Greenshot_1.3.315_User_X86_inno_en-US.exe,0x14c,x86,0,0,2,6.36,plain
everyday,ICSharpCode.TextEditor.dll,0x14c,x86,1,0,1,4.96,dotnet
everyday,INetC.dll,0x14c,x86,0,0,1,6.11,plain
everyday,Icons.dll,0x14c,x86,0,0,1,6.62,plain
everyday,InstallOptions.dll,0x14c,x86,0,0,1,6.29,plain
everyday,Installer.exe,0x14c,x86,0,0,1,6.62,plain
everyday,IrfanView_4.75_Machine_X64_exe_en-US.exe,0x8664,x64,0,0,1,6.37,plain
everyday,Jpg_transform.dll,0x8664,x64,0,0,1,6.53,plain
everyday,LangDLL.dll,0x14c,x86,0,0,1,5.95,plain
everyday,LangDLL_4cf25411.dll,0x14c,x86,0,0,1,5.95,plain
everyday,LanguageToollo.dll,0x8664,x64,0,0,1,6.32,plain
everyday,Listdlls.exe,0x14c,x86,0,0,1,6.64,plain
everyday,Listdlls64.exe,0x8664,x64,0,0,1,6.49,plain
everyday,LoadOrd64.exe,0x8664,x64,0,0,1,6.48,plain
everyday,Metadata.dll,0x8664,x64,0,0,1,6.46,plain
everyday,Microsoft .NET Runtime 10.0_10.0.11_Machine_X64_burn_en-US.exe,0x14c,x86,0,0,1,6.47,plain
everyday,Microsoft .NET Windows Desktop Runtime 9.0_9.0.19_Machine_X64_burn_en-US.exe,0x14c,x86,0,0,1,6.57,plain
everyday,Microsoft Visual C++ v14 Redistributable (x64)_14.51.36247.0_Machine_X64_burn_en-US.exe,0x14c,x86,0,0,1,6.58,plain
everyday,Microsoft.AI.DependencyCollector.dll,0x14c,x86,1,0,1,5.85,dotnet
everyday,Microsoft.VisualStudio.Composition.dll,0x14c,x86,1,0,1,6.24,dotnet
everyday,Microsoft.VisualStudio.Threading.dll,0x14c,x86,1,0,1,6.25,dotnet
everyday,Microsoft.VisualStudio.Validation.dll,0x14c,x86,1,0,1,5.85,dotnet
everyday,Microsoft.WindowsAPICodePack.dll,0x14c,x86,1,0,1,6.00,dotnet
everyday,NppConverter.dll,0x8664,x64,0,0,1,6.51,plain
everyday,NppExport.dll,0x8664,x64,0,0,1,6.51,plain
everyday,NppShell.dll,0x8664,x64,0,0,1,6.45,plain
everyday,OBSInstallerUtils.dll,0x14c,x86,0,0,1,5.82,plain
everyday,Obsidian-1.13.7.exe,0x14c,x86,0,0,1,6.52,plain
everyday,PackageManager.UI.exe,0x8664,x64,0,0,1,6.37,plain
everyday,Paint.dll,0x8664,x64,0,0,1,6.45,plain
everyday,PowerToysUserSetup-0.101.2362.0-x64.exe,0x8664,x64,0,0,1,6.40,plain
everyday,PsExec64.exe,0x8664,x64,0,0,1,6.52,plain
everyday,PsGetsid.exe,0x14c,x86,0,0,1,6.66,plain
everyday,PsGetsid64.exe,0x8664,x64,0,0,1,6.54,plain
everyday,PsHost.dll,0x8664,x64,0,0,1,6.47,plain
everyday,PsInfo.exe,0x14c,x86,0,0,1,6.65,plain
everyday,PsLoggedon.exe,0x14c,x86,0,0,1,6.60,plain
everyday,PsService64.exe,0x8664,x64,0,0,1,6.53,plain
everyday,Python 3.13_3.13.15_User_X64_burn_en-US.exe,0x14c,x86,0,0,1,6.58,plain
everyday,Qt5Concurrent.dll,0x8664,x64,0,0,1,6.15,plain
everyday,Qt5Core.dll,0x8664,x64,0,0,1,6.42,plain
everyday,Qt5Gui.dll,0x8664,x64,0,0,1,6.43,plain
everyday,Qt5PrintSupport.dll,0x8664,x64,0,0,1,6.15,plain
everyday,Qt5QuickShapes.dll,0x8664,x64,0,0,1,6.19,plain
everyday,Qt5Svg.dll,0x8664,x64,0,0,1,6.25,plain
everyday,Qt6Concurrent.dll,0x8664,x64,0,0,1,6.27,plain
everyday,Qt6Gui.dll,0x8664,x64,0,0,1,6.50,plain
everyday,Qt6LabsWavefrontMesh.dll,0x8664,x64,0,0,1,6.29,plain
everyday,Qt6Network.dll,0x8664,x64,0,0,1,6.29,plain
everyday,Qt6QmlWorkerScript.dll,0x8664,x64,0,0,1,6.13,plain
everyday,Qt6QuickControls2Basic.dll,0x8664,x64,0,0,1,6.08,plain
everyday,Qt6QuickDialogs2.dll,0x8664,x64,0,0,1,6.09,plain
everyday,Qt6QuickDialogs2Utils.dll,0x8664,x64,0,0,1,6.16,plain
everyday,Qt6QuickWidgets.dll,0x8664,x64,0,0,1,5.97,plain
everyday,Qt6Svg.dll,0x8664,x64,0,0,1,6.30,plain
everyday,Qt6Svg_dd1aaf87.dll,0x8664,x64,0,0,1,6.29,plain
everyday,Qt6UiTools.dll,0x8664,x64,0,0,1,6.21,plain
everyday,Qt6WebSockets.dll,0x8664,x64,0,0,1,6.13,plain
everyday,Qt6Widgets.dll,0x8664,x64,0,0,1,6.35,plain
everyday,Qt6Xml.dll,0x8664,x64,0,0,1,6.07,plain
everyday,Qt6Xml_321e306c.dll,0x8664,x64,0,0,1,6.09,plain
everyday,R for Windows_4.6.1_Machine_X64_inno_en-US.exe,0x14c,x86,0,0,2,6.36,plain
everyday,RAMMap64.exe,0x8664,x64,0,0,1,6.47,plain
everyday,RDCMan.exe,0x8664,x64,0,0,2,6.46,plain
everyday,RegDelNull.exe,0x14c,x86,0,0,1,6.62,plain
everyday,RegionCapture.dll,0x8664,x64,0,0,1,6.37,plain
everyday,ResourceManager.dll,0x14c,x86,1,0,1,5.96,dotnet
everyday,ShareX-19.0.2-setup.exe,0x14c,x86,0,0,2,6.39,plain
everyday,Signal_8.25.0_User_X64_nullsoft_en-US.exe,0x14c,x86,0,0,1,6.52,plain
everyday,Slack_4.51.191_User_X64_exe_en-US.exe,0x14c,x86,0,0,1,6.67,plain
everyday,Slideshow.exe,0x8664,x64,0,0,1,6.59,plain
everyday,SmartFormat.dll,0x14c,x86,1,0,1,6.14,dotnet
everyday,SpellChecker.dll,0x14c,x86,1,0,1,5.98,dotnet
everyday,SpiderBanner.dll,0x14c,x86,0,0,1,5.91,plain
everyday,SpotifySetup.exe,0x8664,x64,0,0,1,6.45,plain
everyday,StartMenu.dll,0x14c,x86,0,0,1,5.80,plain
everyday,StdUtils.dll,0x14c,x86,0,0,1,6.56,plain
everyday,StdUtils_28021209.dll,0x14c,x86,0,0,1,6.78,plain
everyday,StdUtils_b72e9013.dll,0x14c,x86,0,0,1,6.78,plain
everyday,Steam.exe,0x14c,x86,0,0,1,6.78,plain
everyday,SteamService.exe,0x14c,x86,0,0,1,6.87,plain
everyday,SteamSetup.exe,0x14c,x86,0,0,1,6.47,plain
everyday,Stellarium_26.2_User_X64_inno_en-US.exe,0x14c,x86,0,0,2,6.36,plain
everyday,Stub_Plugin.exe,0x14c,x86,0,0,1,6.70,plain
everyday,Sublime Text 4_4.0.0.420000_Machine_X64_inno_en-US.exe,0x14c,x86,0,0,2,6.40,plain
everyday,SumatraPDF_3.6.1_User_X64_exe_en-US.exe,0x8664,x64,0,0,1,6.50,plain
everyday,System.ComponentModel.Composition.dll,0x14c,x86,1,0,1,6.07,dotnet
everyday,System.Composition.Convention.dll,0x14c,x86,1,0,1,5.89,dotnet
everyday,System.Composition.Hosting.dll,0x14c,x86,1,0,1,5.89,dotnet
everyday,System.Composition.TypedParts.dll,0x14c,x86,1,0,1,6.04,dotnet
everyday,System.Reactive.Interfaces.dll,0x14c,x86,1,0,1,7.50,dotnet
everyday,System.Reactive.Linq.dll,0x14c,x86,1,0,1,7.38,dotnet
everyday,System.Reactive.dll,0x14c,x86,1,0,1,6.14,dotnet
everyday,System.dll,0x14c,x86,0,0,1,6.46,plain
everyday,System_3eb38ae9.dll,0x14c,x86,0,0,1,6.46,plain
everyday,System_8134e46b.dll,0x14c,x86,0,0,1,6.46,plain
everyday,System_8b4c47c4.dll,0x14c,x86,0,0,1,6.46,plain
everyday,System_fa367ae3.dll,0x14c,x86,0,0,1,6.46,plain
everyday,TKBO.dll,0x8664,x64,0,0,1,6.29,plain
everyday,TKBinXCAF.dll,0x8664,x64,0,0,1,6.03,plain
everyday,TKDECascade.dll,0x8664,x64,0,0,1,6.09,plain
everyday,TKDESTL.dll,0x8664,x64,0,0,1,6.20,plain
everyday,TKDESTL_9e028a87.dll,0x8664,x64,0,0,1,6.17,plain
everyday,TKExpress.dll,0x8664,x64,0,0,1,6.08,plain
everyday,TKG2d.dll,0x8664,x64,0,0,1,6.24,plain
everyday,TKGeomBase.dll,0x8664,x64,0,0,1,6.34,plain
everyday,TKHLR.dll,0x8664,x64,0,0,1,6.30,plain
everyday,TKMath.dll,0x8664,x64,0,0,1,6.39,plain
everyday,TKOffset.dll,0x8664,x64,0,0,1,6.16,plain
everyday,TKRWMesh.dll,0x8664,x64,0,0,1,6.09,plain
everyday,TKStdL.dll,0x8664,x64,0,0,1,6.04,plain
everyday,TKTObj.dll,0x8664,x64,0,0,1,6.09,plain
everyday,TKTObj_ffdf8d24.dll,0x8664,x64,0,0,1,6.10,plain
everyday,TKTopAlgo.dll,0x8664,x64,0,0,1,6.31,plain
everyday,TKTopAlgo_939e9649.dll,0x8664,x64,0,0,1,6.31,plain
everyday,TKV3d.dll,0x8664,x64,0,0,1,6.35,plain
everyday,TKXCAF.dll,0x8664,x64,0,0,1,6.23,plain
everyday,TKXmlXCAF.dll,0x8664,x64,0,0,1,6.06,plain
everyday,TKernel.dll,0x8664,x64,0,0,1,6.32,plain
everyday,TestableIO.System.IO.Abstractions.Wrappers.dll,0x14c,x86,1,0,1,5.83,dotnet
everyday,Testlimit64.exe,0x8664,x64,0,0,1,6.50,plain
everyday,Thonny_5.0.0_User_X64_inno_en-US.exe,0x14c,x86,0,0,2,6.39,plain
everyday,Tools.dll,0x8664,x64,0,0,1,6.44,plain
everyday,UAC.dll,0x14c,x86,0,0,1,6.21,plain
everyday,UAccCOM.dll,0x8664,x64,0,0,1,6.04,plain
everyday,Uninstall Bitwarden.exe,0x14c,x86,0,0,1,6.52,plain
everyday,Uninstall Obsidian.exe,0x14c,x86,0,0,1,6.52,plain
everyday,Uninstall Signal.exe,0x14c,x86,0,0,1,6.52,plain
everyday,Uninstall draw.io.exe,0x14c,x86,0,0,1,6.52,plain
everyday,Update.exe,0x14c,x86,1,0,1,5.84,dotnet
everyday,Update_c91b844d.exe,0x14c,x86,1,0,1,5.84,dotnet
everyday,UserInfo.dll,0x14c,x86,0,0,1,5.82,plain
everyday,UserInfo_e0dc3112.dll,0x14c,x86,0,0,1,5.82,plain
everyday,VSCodeUserSetup-x64-1.136.0.exe,0x14c,x86,0,0,2,6.38,plain
everyday,Video.dll,0x8664,x64,0,0,1,6.54,plain
everyday,VideoExport.dll,0x8664,x64,0,0,1,6.49,plain
everyday,Volumeid64.exe,0x8664,x64,0,0,1,6.48,plain
everyday,WebView2Loader.dll,0x8664,x64,0,0,1,6.48,plain
everyday,WinSCP_6.5.6_User_X86_inno_en-US.exe,0x14c,x86,0,0,2,6.38,plain
everyday,WinShell.dll,0x14c,x86,0,0,1,5.93,plain
everyday,WinShell_9725d5d2.dll,0x14c,x86,0,0,1,5.93,plain
everyday,Windows App Runtime 2.0_2.3.1_X64_exe_en-US.exe,0x8664,x64,0,0,1,6.25,plain
everyday,WizTree_4.32_Machine_X64_inno_en-US.exe,0x14c,x86,0,0,2,6.40,plain
everyday,ZString.dll,0x14c,x86,1,0,1,5.56,dotnet
everyday,ZoomInstallerFull.exe,0x14c,x86,0,0,1,6.66,plain
everyday,_cvpcb.dll,0x8664,x64,0,0,1,6.39,plain
everyday,_freeze_module.exe,0x8664,x64,0,0,1,6.38,plain
everyday,affine_uno_uno.dll,0x8664,x64,0,0,1,5.91,plain
everyday,aja-output-ui.dll,0x8664,x64,0,0,1,6.38,plain
everyday,aja.dll,0x8664,x64,0,0,1,6.39,plain
everyday,antiword.exe,0x14c,x86,0,0,1,6.74,plain
everyday,api-ms-win-core-console-l1-1-0.dll,0x8664,x64,0,0,0,0.00,no_exec
everyday,api-ms-win-core-console-l1-1-0_59d78aec.dll,0x8664,x64,0,0,0,0.00,no_exec
everyday,api-ms-win-core-console-l1-2-0.dll,0x8664,x64,0,0,0,0.00,no_exec
everyday,api-ms-win-core-datetime-l1-1-0.dll,0x8664,x64,0,0,0,0.00,no_exec
everyday,api-ms-win-core-debug-l1-1-0.dll,0x8664,x64,0,0,0,0.00,no_exec
everyday,api-ms-win-core-debug-l1-1-0_d9100e99.dll,0x14c,x86,0,0,1,4.61,plain
everyday,api-ms-win-core-errorhandling-l1-1-0.dll,0x8664,x64,0,0,0,0.00,no_exec
everyday,api-ms-win-core-errorhandling-l1-1-0_3c5d7dda.dll,0x8664,x64,0,0,0,0.00,no_exec
everyday,api-ms-win-core-errorhandling-l1-1-0_44822ae1.dll,0x8664,x64,0,0,0,0.00,no_exec
everyday,api-ms-win-core-file-l1-1-0.dll,0x8664,x64,0,0,0,0.00,no_exec
everyday,api-ms-win-core-file-l1-1-0_75da00bf.dll,0x8664,x64,0,0,0,0.00,no_exec
everyday,api-ms-win-core-file-l1-2-0.dll,0x8664,x64,0,0,0,0.00,no_exec
everyday,api-ms-win-core-file-l2-1-0.dll,0x14c,x86,0,0,1,5.06,plain
everyday,api-ms-win-core-file-l2-1-0_a569ce7c.dll,0x8664,x64,0,0,0,0.00,no_exec
everyday,api-ms-win-core-file-l2-1-0_c55eb043.dll,0x8664,x64,0,0,0,0.00,no_exec
everyday,api-ms-win-core-handle-l1-1-0.dll,0x8664,x64,0,0,0,0.00,no_exec
everyday,api-ms-win-core-heap-l1-1-0.dll,0x8664,x64,0,0,0,0.00,no_exec
everyday,api-ms-win-core-interlocked-l1-1-0.dll,0x8664,x64,0,0,0,0.00,no_exec
everyday,api-ms-win-core-libraryloader-l1-1-0.dll,0x8664,x64,0,0,0,0.00,no_exec
everyday,api-ms-win-core-localization-l1-2-0.dll,0x8664,x64,0,0,0,0.00,no_exec
everyday,api-ms-win-core-localization-l1-2-0_a46863d7.dll,0x8664,x64,0,0,0,0.00,no_exec
everyday,api-ms-win-core-memory-l1-1-0.dll,0x8664,x64,0,0,0,0.00,no_exec
everyday,api-ms-win-core-memory-l1-1-0_13ae8400.dll,0x8664,x64,0,0,0,0.00,no_exec
everyday,api-ms-win-core-memory-l1-1-0_fa5f0481.dll,0x8664,x64,0,0,0,0.00,no_exec
everyday,api-ms-win-core-namedpipe-l1-1-0.dll,0x14c,x86,0,0,1,4.78,plain
everyday,api-ms-win-core-namedpipe-l1-1-0_d469a828.dll,0x8664,x64,0,0,0,0.00,no_exec
everyday,api-ms-win-core-processenvironment-l1-1-0.dll,0x14c,x86,0,0,1,5.01,plain
everyday,api-ms-win-core-processthreads-l1-1-0.dll,0x8664,x64,0,0,0,0.00,no_exec
everyday,api-ms-win-core-profile-l1-1-0.dll,0x8664,x64,0,0,0,0.00,no_exec
everyday,api-ms-win-core-profile-l1-1-0_712b74c0.dll,0x8664,x64,0,0,0,0.00,no_exec
everyday,api-ms-win-core-profile-l1-1-0_b1e857e1.dll,0x14c,x86,0,0,1,4.50,plain
everyday,api-ms-win-core-string-l1-1-0.dll,0x14c,x86,0,0,1,4.87,plain
everyday,api-ms-win-core-synch-l1-1-0.dll,0x8664,x64,0,0,0,0.00,no_exec
everyday,api-ms-win-core-synch-l1-2-0.dll,0x8664,x64,0,0,0,0.00,no_exec
everyday,api-ms-win-core-synch-l1-2-0_80fbae0a.dll,0x8664,x64,0,0,0,0.00,no_exec
everyday,api-ms-win-core-synch-l1-2-0_dba254b1.dll,0x14c,x86,0,0,1,4.94,plain
everyday,api-ms-win-core-timezone-l1-1-0.dll,0x8664,x64,0,0,0,0.00,no_exec
everyday,api-ms-win-core-util-l1-1-0.dll,0x14c,x86,0,0,1,4.63,plain
everyday,api-ms-win-core-util-l1-1-0_a0e81d74.dll,0x8664,x64,0,0,0,0.00,no_exec
everyday,api-ms-win-core-util-l1-1-0_a8c4b200.dll,0x8664,x64,0,0,0,0.00,no_exec
everyday,api-ms-win-crt-conio-l1-1-0.dll,0x8664,x64,0,0,0,0.00,no_exec
everyday,api-ms-win-crt-convert-l1-1-0.dll,0x8664,x64,0,0,0,0.00,no_exec
everyday,api-ms-win-crt-convert-l1-1-0_a38f46fe.dll,0x14c,x86,0,0,1,4.84,plain
everyday,api-ms-win-crt-convert-l1-1-0_b88f98bc.dll,0x8664,x64,0,0,0,0.00,no_exec
everyday,api-ms-win-crt-environment-l1-1-0.dll,0x14c,x86,0,0,1,4.65,plain
everyday,api-ms-win-crt-environment-l1-1-0_67bbb287.dll,0x8664,x64,0,0,0,0.00,no_exec
everyday,api-ms-win-crt-heap-l1-1-0.dll,0x14c,x86,0,0,1,4.78,plain
everyday,api-ms-win-crt-heap-l1-1-0_2ee3d526.dll,0x8664,x64,0,0,0,0.00,no_exec
everyday,api-ms-win-crt-heap-l1-1-0_a564f90d.dll,0x8664,x64,0,0,0,0.00,no_exec
everyday,api-ms-win-crt-heap-l1-1-0_f9f20943.dll,0x8664,x64,0,0,0,0.00,no_exec
everyday,api-ms-win-crt-locale-l1-1-0.dll,0x8664,x64,0,0,0,0.00,no_exec
everyday,api-ms-win-crt-locale-l1-1-0_78824396.dll,0x8664,x64,0,0,0,0.00,no_exec
everyday,api-ms-win-crt-private-l1-1-0.dll,0x8664,x64,0,0,0,0.00,no_exec
everyday,api-ms-win-crt-private-l1-1-0_80ec395c.dll,0x14c,x86,0,0,1,5.06,plain
everyday,api-ms-win-crt-private-l1-1-0_cad35914.dll,0x8664,x64,0,0,0,0.00,no_exec
everyday,api-ms-win-crt-process-l1-1-0.dll,0x14c,x86,0,0,1,4.70,plain
everyday,api-ms-win-crt-runtime-l1-1-0.dll,0x8664,x64,0,0,0,0.00,no_exec
everyday,api-ms-win-crt-runtime-l1-1-0_659a5d57.dll,0x8664,x64,0,0,0,0.00,no_exec
everyday,api-ms-win-crt-stdio-l1-1-0.dll,0x8664,x64,0,0,0,0.00,no_exec
everyday,api-ms-win-crt-stdio-l1-1-0_55397a89.dll,0x8664,x64,0,0,0,0.00,no_exec
everyday,api-ms-win-crt-string-l1-1-0.dll,0x8664,x64,0,0,0,0.00,no_exec
everyday,api-ms-win-crt-time-l1-1-0.dll,0x8664,x64,0,0,0,0.00,no_exec
everyday,api-ms-win-crt-time-l1-1-0_ca95f52e.dll,0x8664,x64,0,0,0,0.00,no_exec
everyday,api-ms-win-crt-utility-l1-1-0.dll,0x14c,x86,0,0,1,4.79,plain
everyday,audacity-win-3.7.9-64bit.exe,0x14c,x86,0,0,2,6.39,plain
everyday,autorunsc.exe,0x14c,x86,0,0,1,6.56,plain
everyday,autorunsc64.exe,0x8664,x64,0,0,1,6.45,plain
everyday,avdevice-62.dll,0x8664,x64,0,0,1,6.13,plain
everyday,avformat-fb2k-62.dll,0x8664,x64,0,0,1,5.42,plain
everyday,avutil-60.dll,0x8664,x64,0,0,1,6.69,plain
everyday,axvlc.dll,0x8664,x64,0,0,1,6.19,plain
everyday,binaryurplo.dll,0x8664,x64,0,0,1,5.98,plain
everyday,bitmap2component.exe,0x8664,x64,0,0,1,6.26,plain
everyday,boost_container-vc143-mt-x64-1_90.dll,0x8664,x64,0,0,1,6.23,plain
everyday,boost_contract.dll,0x8664,x64,0,0,1,6.10,plain
everyday,boost_filesystem-vc143-mt-x64-1_90.dll,0x8664,x64,0,0,1,6.35,plain
everyday,boost_filesystem.dll,0x8664,x64,0,0,1,6.35,plain
everyday,boost_nowide.dll,0x8664,x64,0,0,1,6.12,plain
everyday,boost_prg_exec_monitor-vc143-mt-x64-1_90.dll,0x8664,x64,0,0,1,6.10,plain
everyday,boost_program_options.dll,0x8664,x64,0,0,1,6.25,plain
everyday,boost_stacktrace_from_exception-vc143-mt-x64-1_90.dll,0x8664,x64,0,0,1,6.17,plain
everyday,boost_stacktrace_noop-vc143-mt-x64-1_90.dll,0x8664,x64,0,0,1,6.11,plain
everyday,boost_stacktrace_windbg_cached-vc143-mt-x64-1_90.dll,0x8664,x64,0,0,1,6.24,plain
everyday,boost_timer.dll,0x8664,x64,0,0,1,6.16,plain
everyday,boost_unit_test_framework-vc143-mt-x64-1_90.dll,0x8664,x64,0,0,1,6.25,plain
everyday,brotlicommon.dll,0x8664,x64,0,0,1,6.32,plain
everyday,brotlicommon_f0062cd2.dll,0x8664,x64,0,0,1,6.32,plain
everyday,brotlidec.dll,0x8664,x64,0,0,1,6.29,plain
everyday,calclo.dll,0x8664,x64,0,0,1,5.95,plain
everyday,charset-1.dll,0x8664,x64,0,0,1,6.11,plain
everyday,chrome_elf.dll,0x8664,x64,0,0,1,6.60,plain
everyday,clearkey.dll,0x8664,x64,0,0,1,6.25,plain
everyday,clewlo.dll,0x8664,x64,0,0,1,5.92,plain
everyday,cli-32.exe,0x14c,x86,0,0,1,6.62,plain
everyday,cli-32_75f12ea2.exe,0x14c,x86,0,0,1,6.62,plain
everyday,cli.exe,0x14c,x86,0,0,1,6.35,plain
everyday,cli_oootypes.dll,0x14c,x86,1,0,1,5.24,dotnet
everyday,cli_uno.dll,0x8664,x64,1,0,2,5.51,dotnet
everyday,cli_uretypes.dll,0x14c,x86,1,0,1,5.30,dotnet
everyday,concrt140.dll,0x8664,x64,0,0,1,6.22,plain
everyday,concrt140_69a23776.dll,0x8664,x64,0,0,1,6.25,plain
everyday,consoleio.exe,0x8664,x64,0,0,1,5.45,plain
everyday,cppuhelper3MSC.dll,0x8664,x64,0,0,1,6.21,plain
everyday,crashhelper.exe,0x8664,x64,0,0,1,6.35,plain
everyday,datachannel.dll,0x8664,x64,0,0,1,6.39,plain
everyday,dbghelp.dll,0x8664,x64,0,0,1,6.31,plain
everyday,dbgviewcli64.exe,0x8664,x64,0,0,1,6.48,plain
everyday,decklink-captions.dll,0x8664,x64,0,0,1,5.93,plain
everyday,decklink-output-ui.dll,0x8664,x64,0,0,1,6.07,plain
everyday,designer.exe,0x8664,x64,0,0,1,6.25,plain
everyday,diagnostics.exe,0x8664,x64,0,0,1,5.48,plain
everyday,diff.exe,0x14c,x86,0,0,1,6.60,plain
everyday,discord.exe,0x14c,x86,0,0,1,6.64,plain
everyday,draw.io-31.3.2-windows-installer.exe,0x14c,x86,0,0,1,6.52,plain
everyday,du.exe,0x14c,x86,0,0,1,6.62,plain
everyday,du64.exe,0x8664,x64,0,0,1,6.46,plain
everyday,dumpdoc.exe,0x8664,x64,0,0,1,6.20,plain
everyday,dxil.dll,0x8664,x64,0,0,1,6.41,plain
everyday,efsdump.exe,0x14c,x86,0,0,1,6.60,plain
everyday,etonyek.dll,0x8664,x64,0,0,1,5.96,plain
everyday,f2py.exe,0x8664,x64,0,0,1,6.41,plain
everyday,fbintl.dll,0x8664,x64,0,0,1,5.53,plain
everyday,ffmpeg.dll,0x8664,x64,0,0,1,6.69,plain
everyday,fooHelper.exe,0x8664,x64,0,0,1,6.17,plain
everyday,foo_dsp_eq.dll,0x8664,x64,0,0,1,6.36,plain
everyday,foo_fileops.dll,0x8664,x64,0,0,1,6.26,plain
everyday,foo_freedb2.dll,0x8664,x64,0,0,1,6.26,plain
everyday,foo_out_upnp.dll,0x8664,x64,0,0,1,6.44,plain
everyday,freebl3.dll,0x8664,x64,0,0,1,6.41,plain
everyday,frontend-tools.dll,0x8664,x64,0,0,1,6.21,plain
everyday,get-graphics-offsets32.exe,0x14c,x86,0,0,1,6.62,plain
everyday,get-graphics-offsets64.exe,0x8664,x64,0,0,1,6.50,plain
everyday,getopt.dll,0x8664,x64,0,0,1,6.23,plain
everyday,gettext-csvim.dll,0x8664,x64,0,0,1,6.03,plain
everyday,gettext-docim.dll,0x8664,x64,0,0,1,6.07,plain
everyday,gettext-docxim.dll,0x8664,x64,0,0,1,6.01,plain
everyday,gettext-rtfim.dll,0x8664,x64,0,0,1,6.03,plain
everyday,git2.dll,0x8664,x64,0,0,1,6.44,plain
everyday,gkcodecs.dll,0x8664,x64,0,0,2,6.51,plain
everyday,gobject-2.0-0.dll,0x8664,x64,0,0,1,6.21,plain
everyday,gpgme_w32spawn.exe,0x8664,x64,0,0,1,3.28,plain
everyday,gpgmepp.dll,0x8664,x64,0,0,1,6.37,plain
everyday,graphics-hook32.dll,0x14c,x86,0,0,1,6.64,plain
everyday,graphics-hook64.dll,0x8664,x64,0,0,1,6.43,plain
everyday,gssapi64.dll,0x8664,x64,0,0,1,5.34,plain
everyday,gui.exe,0x14c,x86,0,0,1,6.34,plain
everyday,gvim.exe,0x8664,x64,0,0,1,5.77,plain
everyday,gvim_665f9a7f.exe,0x8664,x64,0,0,1,6.40,plain
everyday,gvim_9.2.1031_x64.exe,0x14c,x86,0,0,1,6.48,plain
everyday,handle.exe,0x14c,x86,0,0,1,6.64,plain
everyday,handle64.exe,0x8664,x64,0,0,1,6.52,plain
everyday,harfbuzz-icu.dll,0x8664,x64,0,0,1,6.08,plain
everyday,harfbuzz-subset.dll,0x8664,x64,0,0,1,6.57,plain
everyday,harfbuzz.dll,0x8664,x64,0,0,1,6.54,plain
everyday,harfbuzz_60de5934.dll,0x8664,x64,0,0,1,6.58,plain
everyday,helper.exe,0x14c,x86,0,0,1,6.51,plain
everyday,hex2dec.exe,0x14c,x86,0,0,1,6.61,plain
everyday,hex2dec64.exe,0x8664,x64,0,0,1,6.49,plain
everyday,hunspellplugin.dll,0x8664,x64,0,0,1,6.36,plain
everyday,i_view64.exe,0x8664,x64,0,0,1,6.50,plain
everyday,iconv.dll,0x8664,x64,0,0,1,6.21,plain
everyday,icuin74.dll,0x8664,x64,0,0,1,6.35,plain
everyday,icuin78.dll,0x8664,x64,0,0,1,5.57,plain
everyday,icuio78.dll,0x8664,x64,0,0,1,6.30,plain
everyday,icutu78.dll,0x8664,x64,0,0,1,6.30,plain
everyday,icuuc78.dll,0x8664,x64,0,0,1,6.47,plain
everyday,idfcyl.exe,0x8664,x64,0,0,1,6.25,plain
everyday,idna.exe,0x8664,x64,0,0,1,6.41,plain
everyday,importai.dll,0x8664,x64,0,0,1,6.04,plain
everyday,importidml.dll,0x8664,x64,0,0,1,5.99,plain
everyday,importpub.dll,0x8664,x64,0,0,1,6.37,plain
everyday,importshape.dll,0x8664,x64,0,0,1,6.09,plain
everyday,importsml.dll,0x8664,x64,0,0,1,6.02,plain
everyday,importsvm.dll,0x8664,x64,0,0,1,6.16,plain
everyday,importwpg.dll,0x8664,x64,0,0,1,6.34,plain
everyday,inject-helper32.exe,0x14c,x86,0,0,1,6.55,plain
everyday,inject-helper64.exe,0x8664,x64,0,0,1,6.44,plain
everyday,inprocserv.dll,0x8664,x64,0,0,1,5.79,plain
everyday,intl-8.dll,0x8664,x64,0,0,1,6.34,plain
everyday,introspectionlo.dll,0x8664,x64,0,0,1,5.97,plain
everyday,invocationlo.dll,0x8664,x64,0,0,1,5.95,plain
everyday,iolo.dll,0x8664,x64,0,0,1,6.00,plain
everyday,iv_uninstall.exe,0x8664,x64,0,0,1,6.43,plain
everyday,jdbclo.dll,0x8664,x64,0,0,1,5.96,plain
everyday,junction64.exe,0x8664,x64,0,0,1,6.47,plain
everyday,kiapi.dll,0x8664,x64,0,0,1,6.08,plain
everyday,kicommon.dll,0x8664,x64,0,0,1,6.35,plain
everyday,kigal.dll,0x8664,x64,0,0,1,6.45,plain
everyday,kimg_pcx.dll,0x8664,x64,0,0,1,6.12,plain
everyday,kimg_pic.dll,0x8664,x64,0,0,1,6.09,plain
everyday,kimg_tga.dll,0x8664,x64,0,0,1,6.11,plain
everyday,krita.exe,0x8664,x64,0,0,1,5.98,plain
everyday,kritaarrangedocker.dll,0x8664,x64,0,0,1,5.85,plain
everyday,kritaartisticcolorselector.dll,0x8664,x64,0,0,1,6.07,plain
everyday,kritaassistanttool.dll,0x8664,x64,0,0,1,6.21,plain
everyday,kritadeformpaintop.dll,0x8664,x64,0,0,1,6.19,plain
everyday,kritahatchingpaintop.dll,0x8664,x64,0,0,1,6.15,plain
everyday,kritaheifexport.dll,0x8664,x64,0,0,1,6.11,plain
everyday,kritahistogramdocker.dll,0x8664,x64,0,0,1,6.08,plain
everyday,kritajp2import.dll,0x8664,x64,0,0,1,5.85,plain
everyday,kritalayerdocker.dll,0x8664,x64,0,0,1,6.13,plain
everyday,kritalogdocker.dll,0x8664,x64,0,0,1,5.86,plain
everyday,kritapalettize.dll,0x8664,x64,0,0,1,6.15,plain
everyday,kritapixelizefilter.dll,0x8664,x64,0,0,1,5.79,plain
everyday,kritaqimageioexport.dll,0x8664,x64,0,0,1,5.75,plain
everyday,kritaseexprgenerator.dll,0x8664,x64,0,0,1,6.36,plain
everyday,kritaseparatechannels.dll,0x8664,x64,0,0,1,5.72,plain
everyday,kritasmallcolorselector.dll,0x8664,x64,0,0,1,6.08,plain
everyday,kritasnapshotdocker.dll,0x8664,x64,0,0,1,5.99,plain
everyday,kritaspecificcolorselector.dll,0x8664,x64,0,0,1,5.95,plain
everyday,kritatextproperties.dll,0x8664,x64,0,0,1,6.25,plain
everyday,kritatgaexport.dll,0x8664,x64,0,0,1,5.72,plain
everyday,kritatiffexport.dll,0x8664,x64,0,0,1,5.85,plain
everyday,kritatoolKnife.dll,0x8664,x64,0,0,1,6.03,plain
everyday,kritatoolSmartPatch.dll,0x8664,x64,0,0,1,6.07,plain
everyday,kritatoolcrop.dll,0x8664,x64,0,0,1,6.02,plain
everyday,kritawavefilter.dll,0x8664,x64,0,0,1,5.77,plain
everyday,lconvert.exe,0x8664,x64,0,0,1,6.23,plain
everyday,ldmdump.exe,0x14c,x86,0,0,1,6.62,plain
everyday,lgpllibs.dll,0x8664,x64,0,0,1,6.41,plain
everyday,libEGL.dll,0x8664,x64,0,0,1,6.50,plain
everyday,libEGL_d39735ec.dll,0x8664,x64,0,0,1,6.03,plain
everyday,libGLESv2.dll,0x8664,x64,0,0,1,6.38,plain
everyday,libOpenEXRUtil-3_4.dll,0x8664,x64,0,0,1,6.25,plain
everyday,libbz2.dll,0x8664,x64,0,0,1,6.30,plain
everyday,libcef.dll,0x8664,x64,0,0,4,6.55,plain
everyday,libcrypto-3-x64.dll,0x8664,x64,0,0,1,6.70,plain
everyday,libcrypto-3-x64_99edc411.dll,0x8664,x64,0,0,1,6.39,plain
everyday,libcrypto-3-x64_dafd9706.dll,0x8664,x64,0,0,1,5.91,plain
everyday,libcrypto_3.dll,0x8664,x64,0,0,1,5.91,plain
everyday,libcurl.dll,0x8664,x64,0,0,1,6.32,plain
everyday,libde265.dll,0x8664,x64,0,0,1,6.48,plain
everyday,libexpat.dll,0x8664,x64,0,0,1,6.25,plain
everyday,libffi-8.dll,0x8664,x64,0,0,1,6.29,plain
everyday,libgif.dll,0x8664,x64,0,0,1,6.33,plain
everyday,libharfbuzz-0.dll,0x8664,x64,0,0,1,6.56,plain
everyday,libheif.dll,0x8664,x64,0,0,1,6.50,plain
everyday,libiconv-2.dll,0x14c,x86,0,0,1,6.31,plain
everyday,libiconv-2_378505a3.dll,0x8664,x64,0,0,1,6.26,plain
everyday,libiconv2.dll,0x14c,x86,0,0,1,7.41,packed_other
everyday,libintl-8.dll,0x8664,x64,0,0,1,6.34,plain
everyday,libintl-8_7b6ace9e.dll,0x14c,x86,0,0,1,6.36,plain
everyday,libjxl_cms.dll,0x8664,x64,0,0,1,6.28,plain
everyday,libkritacommand.dll,0x8664,x64,0,0,1,6.09,plain
everyday,liblcms2.dll,0x8664,x64,0,0,1,6.45,plain
everyday,liblzma.dll,0x8664,x64,0,0,1,6.32,plain
everyday,libobs-d3d11.dll,0x8664,x64,0,0,1,6.19,plain
everyday,libobs-opengl.dll,0x8664,x64,0,0,1,5.98,plain
everyday,libobs-winrt.dll,0x8664,x64,0,0,1,6.11,plain
everyday,libopus.dll,0x8664,x64,0,0,1,6.51,plain
everyday,libpq.dll,0x8664,x64,0,0,1,6.22,plain
everyday,libprotobuf.dll,0x8664,x64,0,0,1,6.40,plain
everyday,libprotoc.dll,0x8664,x64,0,0,1,6.41,plain
everyday,libraw.dll,0x8664,x64,0,0,1,6.47,plain
everyday,libraw_r.dll,0x8664,x64,0,0,1,6.47,plain
everyday,librist.dll,0x8664,x64,0,0,1,6.46,plain
everyday,libsodium.dll,0x8664,x64,0,0,1,6.51,plain
everyday,libssl-3-x64.dll,0x8664,x64,0,0,1,5.50,plain
everyday,libssl-3-x64_15844f7e.dll,0x8664,x64,0,0,1,6.20,plain
everyday,libtheora-0.dll,0x8664,x64,0,0,1,6.48,plain
everyday,libtiffxx.dll,0x8664,x64,0,0,1,6.05,plain
everyday,libusb-1.0.dll,0x8664,x64,0,0,1,6.27,plain
everyday,libvlc.dll,0x8664,x64,0,0,1,6.20,plain
everyday,libvlccore.dll,0x8664,x64,0,0,1,6.35,plain
everyday,libwebpmux.dll,0x8664,x64,0,0,1,6.30,plain
everyday,libwinpthread-1.dll,0x8664,x64,0,0,1,6.11,plain
everyday,libx264-164.dll,0x8664,x64,0,0,1,6.64,plain
everyday,libxmlsec_mscng.dll,0x8664,x64,0,0,1,5.99,plain
everyday,libz.dll,0x8664,x64,0,0,1,6.44,plain
everyday,libzoteroWinWordIntegration.dll,0x8664,x64,0,0,1,6.37,plain
everyday,localedata_en.dll,0x8664,x64,0,0,1,5.46,plain
everyday,localedata_euro.dll,0x8664,x64,0,0,1,5.14,plain
everyday,logonsessions64.exe,0x8664,x64,0,0,1,6.46,plain
everyday,lpsolve55.dll,0x8664,x64,0,0,1,5.78,plain
everyday,lua51.dll,0x8664,x64,0,0,1,6.37,plain
everyday,migrationoo3lo.dll,0x8664,x64,0,0,1,5.96,plain
everyday,mimeTools.dll,0x8664,x64,0,0,1,6.47,plain
everyday,minidump_upload.exe,0x8664,x64,0,0,1,5.95,plain
everyday,movefile64.exe,0x8664,x64,0,0,1,6.47,plain
everyday,mozavcodec.dll,0x8664,x64,0,0,1,6.74,plain
everyday,mozavutil.dll,0x8664,x64,0,0,1,6.70,plain
everyday,mozglue.dll,0x8664,x64,0,0,1,6.41,plain
everyday,mozwer.dll,0x8664,x64,0,0,1,6.46,plain
everyday,mpv (shinchiro build)_0.41.0_X64_inno_en-US.exe,0x14c,x86,0,0,2,6.39,plain
everyday,msvcp140.dll,0x8664,x64,0,0,1,6.36,plain
everyday,msvcp140_0f885b50.dll,0x8664,x64,0,0,1,6.36,plain
everyday,msvcp140_1.dll,0x14c,x86,0,0,1,5.76,plain
everyday,msvcp140_1_0b8191b5.dll,0x8664,x64,0,0,1,6.01,plain
everyday,msvcp140_1_576d2ab2.dll,0x8664,x64,0,0,1,6.07,plain
everyday,msvcp140_1_bfad5aef.dll,0x8664,x64,0,0,1,6.01,plain
everyday,msvcp140_1e57a6df.dll,0x8664,x64,0,0,1,6.37,plain
everyday,msvcp140_2.dll,0x8664,x64,0,0,1,6.15,plain
everyday,msvcp140_2c0a3e32.dll,0x14c,x86,0,0,1,6.58,plain
everyday,msvcp140_codecvt_ids.dll,0x8664,x64,0,0,1,6.12,plain
everyday,msvcp140_codecvt_ids_4fa330a0.dll,0x14c,x86,0,0,1,5.95,plain
everyday,msvcp140_codecvt_ids_a12581d3.dll,0x8664,x64,0,0,1,6.15,plain
everyday,msys-iconv-2.dll,0x8664,x64,0,0,1,6.16,plain
everyday,msys-intl-8.dll,0x8664,x64,0,0,1,6.15,plain
everyday,msys-xcb-dpms-0.dll,0x8664,x64,0,0,1,5.91,plain
everyday,mxc-diagnostic-console.exe,0x8664,x64,0,0,1,6.44,plain
everyday,nmhproxy.exe,0x8664,x64,0,0,1,6.39,plain
everyday,node.exe,0x8664,x64,0,0,1,6.51,plain
everyday,notepad++.exe,0x8664,x64,0,0,1,6.46,plain
everyday,notificationserver.dll,0x8664,x64,0,0,1,6.24,plain
everyday,notmyfault.exe,0x14c,x86,0,0,1,6.56,plain
everyday,notmyfaultc64.exe,0x8664,x64,0,0,1,6.39,plain
everyday,npp.8.9.8.Installer.x64.exe,0x14c,x86,0,0,1,6.48,plain
everyday,nppPluginList.dll,0x8664,x64,0,0,1,6.43,plain
everyday,npvlc.dll,0x8664,x64,0,0,1,6.17,plain
everyday,nsDialogs.dll,0x14c,x86,0,0,1,6.21,plain
everyday,nsDialogs_1e40211a.dll,0x14c,x86,0,0,1,6.20,plain
everyday,nsDialogs_91a484dc.dll,0x14c,x86,0,0,1,6.20,plain
everyday,nsDialogs_b1350f48.dll,0x14c,x86,0,0,1,6.21,plain
everyday,nsExec.dll,0x14c,x86,0,0,1,6.35,plain
everyday,nsExec_304f9128.dll,0x14c,x86,0,0,1,6.27,plain
everyday,nsExec_3e2399ae.dll,0x14c,x86,0,0,1,6.26,plain
everyday,nsExec_5d9ceb1c.dll,0x14c,x86,0,0,1,6.27,plain
everyday,nsProcess.dll,0x14c,x86,0,0,1,5.74,plain
everyday,nsProcess_30c6c3dd.dll,0x14c,x86,0,0,1,5.74,plain
everyday,nsis7z.dll,0x14c,x86,0,0,1,6.66,plain
everyday,nsis7z_f7e57636.dll,0x14c,x86,0,0,1,6.66,plain
everyday,nsisFirewallW.dll,0x14c,x86,0,0,1,6.02,plain
everyday,nss3.dll,0x8664,x64,0,0,1,6.44,plain
everyday,nss3_46fd3e89.dll,0x8664,x64,0,0,1,6.29,plain
everyday,nssckbi.dll,0x8664,x64,0,0,1,5.94,plain
everyday,ntfsinfo64.exe,0x8664,x64,0,0,1,6.47,plain
everyday,numpy-config.exe,0x8664,x64,0,0,1,6.41,plain
everyday,obs-amf-test.exe,0x8664,x64,0,0,1,6.04,plain
everyday,obs-browser-page.exe,0x8664,x64,0,0,1,6.26,plain
everyday,obs-browser.dll,0x8664,x64,0,0,1,6.30,plain
everyday,obs-ffmpeg-mux.exe,0x8664,x64,0,0,1,6.10,plain
everyday,obs-filters.dll,0x8664,x64,0,0,1,6.40,plain
everyday,obs-frontend-api.dll,0x8664,x64,0,0,1,5.80,plain
everyday,obs-nvenc-test.exe,0x8664,x64,0,0,1,6.13,plain
everyday,obs-nvenc.dll,0x8664,x64,0,0,1,6.04,plain
everyday,obs-outputs.dll,0x8664,x64,0,0,1,6.43,plain
everyday,obs-qsv-test.exe,0x8664,x64,0,0,1,6.40,plain
everyday,obs-qsv11.dll,0x8664,x64,0,0,1,6.41,plain
everyday,obs-scripting.dll,0x8664,x64,0,0,1,6.06,plain
everyday,obs-transitions.dll,0x8664,x64,0,0,1,6.08,plain
everyday,obs-virtualcam-module32.dll,0x14c,x86,0,0,1,6.63,plain
everyday,obs-webrtc.dll,0x8664,x64,0,0,1,6.25,plain
everyday,obs64.exe,0x8664,x64,0,0,1,6.30,plain
everyday,obslua.dll,0x8664,x64,0,0,1,5.92,plain
everyday,officebean.dll,0x8664,x64,0,0,1,6.10,plain
everyday,oleautobridgelo.dll,0x8664,x64,0,0,1,6.14,plain
everyday,ooofilt.dll,0x8664,x64,0,0,1,6.28,plain
everyday,opencltest.exe,0x8664,x64,0,0,1,5.98,plain
everyday,openh264-7.dll,0x8664,x64,0,0,2,6.54,plain
everyday,paint.net.5.1.12.install.x64.exe,0x8664,x64,0,0,1,6.39,plain
everyday,pathcut.dll,0x8664,x64,0,0,1,6.02,plain
everyday,pcl_keypoints.dll,0x8664,x64,0,0,1,6.24,plain
everyday,pcre.dll,0x8664,x64,0,0,1,6.31,plain
everyday,pcre2-posix.dll,0x8664,x64,0,0,1,6.24,plain
everyday,pcreposix.dll,0x8664,x64,0,0,1,6.21,plain
everyday,pdfimportlo.dll,0x8664,x64,0,0,1,6.18,plain
everyday,pdfiumlo.dll,0x8664,x64,0,0,1,6.47,plain
everyday,picturebrowser.dll,0x8664,x64,0,0,1,6.03,plain
everyday,pip3.11.exe,0x8664,x64,0,0,1,6.41,plain
everyday,pipelist.exe,0x14c,x86,0,0,1,6.62,plain
everyday,pipelist64.exe,0x8664,x64,0,0,1,6.47,plain
everyday,pixbufloader-ico.dll,0x8664,x64,0,0,1,6.32,plain
everyday,pixeltool.exe,0x8664,x64,0,0,1,6.08,plain
everyday,pixman-1-0.dll,0x8664,x64,0,0,1,6.45,plain
everyday,plds4.dll,0x8664,x64,0,0,1,6.15,plain
everyday,plugin-container.exe,0x8664,x64,0,0,1,6.28,plain
everyday,plugin.dll,0x8664,x64,0,0,1,6.23,plain
everyday,policy.1.0.cli_cppuhelper.dll,0x14c,x86,1,0,1,5.53,dotnet
everyday,policy.1.0.cli_oootypes.dll,0x14c,x86,1,0,1,5.52,dotnet
everyday,procdump64.exe,0x8664,x64,0,0,1,6.45,plain
everyday,proxyfaclo.dll,0x8664,x64,0,0,1,5.85,plain
everyday,pskill.exe,0x14c,x86,0,0,1,6.66,plain
everyday,pskill64.exe,0x8664,x64,0,0,1,6.54,plain
everyday,pslist64.exe,0x8664,x64,0,0,1,6.50,plain
everyday,psloglist.exe,0x14c,x86,0,0,1,6.65,plain
everyday,pspasswd64.exe,0x8664,x64,0,0,1,6.55,plain
everyday,psshutdown.exe,0x14c,x86,0,0,1,6.66,plain
everyday,pthreadVC3.dll,0x8664,x64,0,0,1,6.21,plain
everyday,pthreadVCE3.dll,0x8664,x64,0,0,1,6.20,plain
everyday,python.exe,0x8664,x64,0,0,1,6.48,plain
everyday,python1.exe,0x8664,x64,0,0,1,6.00,plain
everyday,python3.dll,0x8664,x64,0,0,0,0.00,no_exec
everyday,python313.dll,0x8664,x64,0,0,1,6.34,plain
everyday,python3_18d5b3ac.dll,0x8664,x64,0,0,0,0.00,no_exec
everyday,python3_29e2b70b.dll,0x8664,x64,0,0,0,0.00,no_exec
everyday,python3_d98cd5d8.dll,0x8664,x64,0,0,1,1.79,plain
everyday,pythonloaderlo.dll,0x8664,x64,0,0,1,6.45,plain
everyday,qaxwidget.dll,0x8664,x64,0,0,1,6.23,plain
everyday,qbittorrent.exe,0x8664,x64,0,0,1,6.53,plain
everyday,qbittorrent_5.2.3_lt20_x64_setup.exe,0x14c,x86,0,0,1,6.49,plain
everyday,qdbus.exe,0x8664,x64,0,0,1,6.11,plain
everyday,qicns.dll,0x8664,x64,0,0,1,6.20,plain
everyday,qico.dll,0x8664,x64,0,0,1,6.21,plain
everyday,qjpeg.dll,0x8664,x64,0,0,1,6.42,plain
everyday,qjpeg_3fd6cd89.dll,0x8664,x64,0,0,1,6.08,plain
everyday,qjpeg_a34a20b9.dll,0x8664,x64,0,0,1,6.43,plain
everyday,qminimal.dll,0x8664,x64,0,0,1,5.40,plain
everyday,qml.exe,0x8664,x64,0,0,1,6.11,plain
everyday,qmldbg_inspector.dll,0x8664,x64,0,0,1,6.20,plain
everyday,qmldbg_local.dll,0x8664,x64,0,0,1,5.99,plain
everyday,qmllint.exe,0x8664,x64,0,0,1,6.11,plain
everyday,qmlplugin.dll,0x8664,x64,0,0,1,6.04,plain
everyday,qmodernwindowsstyle.dll,0x8664,x64,0,0,1,6.20,plain
everyday,qqc2materialstyleplugin.dll,0x8664,x64,0,0,1,6.14,plain
everyday,qsvg.dll,0x8664,x64,0,0,1,6.05,plain
everyday,qtattributionsscanner.exe,0x8664,x64,0,0,1,6.01,plain
everyday,qtiff.dll,0x8664,x64,0,0,1,6.23,plain
everyday,qtiff_dd08a7a1.dll,0x8664,x64,0,0,1,6.45,plain
everyday,qtpaths6.exe,0x8664,x64,0,0,1,6.13,plain
everyday,qtquickcontrols2basicstyleplugin.dll,0x8664,x64,0,0,1,6.00,plain
everyday,qtquickcontrols2nativestyleplugin.dll,0x8664,x64,0,0,1,6.28,plain
everyday,qtquickcontrols2plugin.dll,0x8664,x64,0,0,1,5.96,plain
everyday,qtquickdialogs2quickimplplugin.dll,0x8664,x64,0,0,1,6.04,plain
everyday,quicklintplugin.dll,0x8664,x64,0,0,1,6.12,plain
everyday,quickstart.exe,0x8664,x64,0,0,1,6.03,plain
everyday,qwbmp.dll,0x8664,x64,0,0,1,6.09,plain
everyday,qwbmp_8f3ae185.dll,0x8664,x64,0,0,1,6.09,plain
everyday,qwebp.dll,0x8664,x64,0,0,1,6.51,plain
everyday,qwindows.dll,0x8664,x64,0,0,1,6.45,plain
everyday,raptor2.dll,0x8664,x64,0,0,1,6.26,plain
everyday,reflectionlo.dll,0x8664,x64,0,0,1,6.04,plain
everyday,regview.exe,0x8664,x64,0,0,1,5.99,plain
everyday,revenge.dll,0x8664,x64,0,0,1,6.31,plain
everyday,rpostback.exe,0x8664,x64,0,0,1,5.62,plain
everyday,rsession-utf8.exe,0x8664,x64,0,0,1,2.28,plain
everyday,rsession.dll,0x14c,x86,0,0,1,6.51,plain
everyday,rsession.exe,0x8664,x64,0,0,1,2.28,plain
everyday,rsession_4c21f534.exe,0x14c,x86,0,0,1,3.60,plain
everyday,rst2html5.exe,0x8664,x64,0,0,1,6.40,plain
everyday,rstudio.exe,0x8664,x64,0,0,4,6.54,plain
everyday,rtmp-services.dll,0x8664,x64,0,0,1,6.14,plain
everyday,scribus134format.dll,0x8664,x64,0,0,1,6.20,plain
everyday,scribusexportpixmap.dll,0x8664,x64,0,0,1,5.94,plain
everyday,sddlo.dll,0x8664,x64,0,0,1,5.86,plain
everyday,sdraw.exe,0x8664,x64,0,0,1,6.05,plain
everyday,sduilo.dll,0x8664,x64,0,0,1,6.12,plain
everyday,senddoc.exe,0x8664,x64,0,0,1,6.04,plain
everyday,setup.exe,0x14c,x86,0,0,1,6.51,plain
everyday,shared.dll,0x8664,x64,0,0,1,6.25,plain
everyday,shotcut-win64-26.8.1.exe,0x14c,x86,0,0,2,6.38,plain
everyday,sigcheck64.exe,0x8664,x64,0,0,1,6.46,plain
everyday,singleprovlo.dll,0x8664,x64,0,0,1,5.97,plain
everyday,skialo.dll,0x8664,x64,0,0,1,6.42,plain
everyday,smdlo.dll,0x8664,x64,0,0,1,5.90,plain
everyday,smoothpath.dll,0x8664,x64,0,0,1,6.08,plain
everyday,softokn3.dll,0x8664,x64,0,0,1,6.22,plain
everyday,softokn3_73e75f57.dll,0x8664,x64,0,0,1,6.25,plain
everyday,spsupp_helper.exe,0x8664,x64,0,0,1,6.01,plain
everyday,sqlite3.dll,0x8664,x64,0,0,1,6.49,plain
everyday,sqlite31.dll,0x8664,x64,0,0,1,6.50,plain
everyday,sqlite3_321ab214.dll,0x8664,x64,0,0,1,6.49,plain
everyday,srt.dll,0x8664,x64,0,0,1,6.43,plain
everyday,ssl3.dll,0x8664,x64,0,0,1,6.27,plain
everyday,standalonesetup64.exe,0x14c,x86,0,0,2,6.70,plain
everyday,stocserviceslo.dll,0x8664,x64,0,0,1,6.43,plain
everyday,strings.exe,0x14c,x86,0,0,1,6.61,plain
everyday,strings64.exe,0x8664,x64,0,0,1,6.48,plain
everyday,svgimplugin.dll,0x8664,x64,0,0,1,6.11,plain
everyday,sw_writerfilterlo.dll,0x8664,x64,0,0,1,6.23,plain
everyday,swdlo.dll,0x8664,x64,0,0,1,5.88,plain
everyday,sweb.exe,0x8664,x64,0,0,1,6.05,plain
everyday,swresample-6.dll,0x8664,x64,0,0,1,6.58,plain
everyday,swscale-9.dll,0x8664,x64,0,0,1,6.65,plain
everyday,swuilo.dll,0x8664,x64,0,0,1,6.10,plain
everyday,sync64.exe,0x8664,x64,0,0,1,6.47,plain
everyday,t64.exe,0x8664,x64,0,0,1,6.41,plain
everyday,tcpvcon.exe,0x14c,x86,0,0,1,6.63,plain
everyday,tee.exe,0x8664,x64,0,0,1,6.51,plain
everyday,testcon.exe,0x8664,x64,0,0,1,6.23,plain
everyday,text-freetype2.dll,0x8664,x64,0,0,1,6.46,plain
everyday,tracegen.exe,0x8664,x64,0,0,1,6.38,plain
everyday,tsetup-x64.7.1.4.exe,0x14c,x86,0,0,2,6.40,plain
everyday,turbojpeg.dll,0x8664,x64,0,0,1,6.59,plain
everyday,turbojpeg_ed9e641d.dll,0x8664,x64,0,0,1,6.60,plain
everyday,typst.exe,0x8664,x64,0,0,1,6.33,plain
everyday,ucrtbase.dll,0x8664,x64,0,0,1,6.65,plain
everyday,ucrtbase_8c9d0d38.dll,0x8664,x64,0,0,2,6.54,plain
everyday,uninstall.exe,0x14c,x86,0,0,1,6.47,plain
everyday,unoidllo.dll,0x8664,x64,0,0,1,6.24,plain
everyday,unoinfo.exe,0x8664,x64,0,0,1,5.94,plain
everyday,updater.exe,0x8664,x64,0,0,1,6.21,plain
everyday,updater_5e647528.exe,0x8664,x64,0,0,1,6.52,plain
everyday,updchklo.dll,0x8664,x64,0,0,1,6.35,plain
everyday,vcruntime140.dll,0x14c,x86,0,0,1,6.57,plain
everyday,vcruntime140_1.dll,0x8664,x64,0,0,1,6.37,plain
everyday,vcruntime140_1_6d3a6cde.dll,0x8664,x64,0,0,1,6.36,plain
everyday,vcruntime140_1_d9de6e1b.dll,0x8664,x64,0,0,1,6.36,plain
everyday,vcruntime140_7bd7a81f.dll,0x8664,x64,0,0,2,6.49,plain
everyday,vcruntime140_a06c9ea4.dll,0x8664,x64,0,0,2,6.49,plain
everyday,venvwlauncher.exe,0x8664,x64,0,0,1,6.08,plain
everyday,vim.exe,0x8664,x64,0,0,1,6.40,plain
everyday,vim64.dll,0x8664,x64,0,0,1,6.54,plain
everyday,vim_c4dc54bf.exe,0x8664,x64,0,0,1,5.61,plain
everyday,vimrun.exe,0x8664,x64,0,0,1,6.49,plain
everyday,vk_swiftshader.dll,0x8664,x64,0,0,1,6.37,plain
everyday,vlc-video.dll,0x8664,x64,0,0,1,6.04,plain
everyday,vlc.exe,0x8664,x64,0,0,1,6.12,plain
everyday,vlc_cache_gen.exe,0x8664,x64,0,0,1,6.27,plain
everyday,vtkChartsCore-9.3.dll,0x8664,x64,0,0,1,6.36,plain
everyday,vtkFiltersGeneral-9.3.dll,0x8664,x64,0,0,1,6.38,plain
everyday,vtkFiltersParallel-9.3.dll,0x8664,x64,0,0,1,6.23,plain
everyday,vtkFiltersSources-9.3.dll,0x8664,x64,0,0,1,6.24,plain
everyday,vtkFiltersTensor-9.3.dll,0x8664,x64,0,0,1,6.08,plain
everyday,vtkFiltersTopology-9.3.dll,0x8664,x64,0,0,1,6.08,plain
everyday,vtkGUISupportQt-9.3.dll,0x8664,x64,0,0,1,6.22,plain
everyday,vtkIOCityGML-9.3.dll,0x8664,x64,0,0,1,6.05,plain
everyday,vtkIOImport-9.3.dll,0x8664,x64,0,0,1,6.19,plain
everyday,vtkIOInfovis-9.3.dll,0x8664,x64,0,0,1,6.14,plain
everyday,vtkIOLegacy-9.3.dll,0x8664,x64,0,0,1,6.14,plain
everyday,vtkIOXdmf3-9.3.dll,0x8664,x64,0,0,1,5.26,plain
everyday,vtkImagingGeneral-9.3.dll,0x8664,x64,0,0,1,6.43,plain
everyday,vtkRenderingAnnotation-9.3.dll,0x8664,x64,0,0,1,6.15,plain
everyday,vtkWrappingPythonCore3.11-9.3.dll,0x8664,x64,0,0,1,6.19,plain
everyday,vtkioss-9.3.dll,0x8664,x64,0,0,1,6.32,plain
everyday,vtkloguru-9.3.dll,0x8664,x64,0,0,1,6.19,plain
everyday,w32-pthreads.dll,0x8664,x64,0,0,1,6.15,plain
everyday,w32.exe,0x14c,x86,0,0,1,6.51,plain
everyday,w64.exe,0x8664,x64,0,0,1,6.40,plain
everyday,wheel.exe,0x8664,x64,0,0,1,6.41,plain
everyday,whois.exe,0x14c,x86,0,0,1,6.62,plain
everyday,whois64.exe,0x8664,x64,0,0,1,6.49,plain
everyday,win-capture.dll,0x8664,x64,0,0,1,6.15,plain
everyday,win-dshow.dll,0x8664,x64,0,0,1,6.29,plain
everyday,win-wasapi.dll,0x8664,x64,0,0,1,6.08,plain
everyday,windowplugin.dll,0x8664,x64,0,0,1,5.70,plain
everyday,wininst-14.0.exe,0x14c,x86,0,0,1,6.61,plain
everyday,wininst-7.1.exe,0x14c,x86,0,0,1,6.50,plain
everyday,wininst-9.0-amd64.exe,0x8664,x64,0,0,1,6.45,plain
everyday,winpty-agent.exe,0x8664,x64,0,0,1,5.77,plain
everyday,winpty64.dll,0x8664,x64,0,0,1,5.75,plain
everyday,wmfclearkey.dll,0x8664,x64,0,0,1,6.34,plain
everyday,wpd.dll,0x8664,x64,0,0,1,6.24,plain
everyday,wxc-host-prep.exe,0x8664,x64,0,0,1,6.45,plain
everyday,wxc-test-proxy.exe,0x8664,x64,0,0,1,6.23,plain
everyday,wxc-windows-sandbox-daemon.exe,0x8664,x64,0,0,1,6.44,plain
everyday,wxmsw332u_aui_vc_x64_custom.dll,0x8664,x64,0,0,1,6.17,plain
everyday,wxmsw332u_html_vc_x64_custom.dll,0x8664,x64,0,0,1,6.13,plain
everyday,wxmsw332u_propgrid_vc_x64_custom.dll,0x8664,x64,0,0,1,6.14,plain
everyday,wxmsw332u_richtext_vc_x64_custom.dll,0x8664,x64,0,0,1,6.20,plain
everyday,xmlreaderlo.dll,0x8664,x64,0,0,1,6.06,plain
everyday,xpdfimport.exe,0x8664,x64,0,0,1,6.39,plain
everyday,xul.dll,0x8664,x64,0,0,1,6.43,plain
everyday,xxd.exe,0x8664,x64,0,0,1,6.47,plain
everyday,zlib.dll,0x8664,x64,0,0,1,6.41,plain
everyday,zlib_3262adaf.dll,0x8664,x64,0,0,1,6.40,plain
everyday,zotero.exe,0x8664,x64,0,0,1,6.30,plain
everyday,zstd.dll,0x8664,x64,0,0,1,6.42,plain
hard_negative,7z.dll,0x14c,x86,0,0,1,6.74,plain
hard_negative,7z.exe,0x14c,x86,0,0,1,6.62,plain
hard_negative,7zxa.dll,0x8664,x64,0,0,1,6.39,plain
hard_negative,Advanced Renamer_4.25_Machine_X64_inno_en-US.exe,0x14c,x86,0,0,2,6.38,plain
hard_negative,Amsiman.x64.exe,0x8664,x64,0,0,1,6.49,plain
hard_negative,Arkview.x64.exe,0x8664,x64,0,0,1,6.58,plain
hard_negative,Bandizip.x64.exe,0x8664,x64,0,0,1,6.49,plain
hard_negative,Binary.wixca.dll,0x8664,x64,0,0,1,6.52,plain
hard_negative,Bulk Rename Utility_4.1.0.1_Machine_X64_inno_en-US.exe,0x14c,x86,0,0,2,6.40,plain
hard_negative,CM_FP_Qt5Widgets.dll,0x8664,x64,0,0,1,6.38,plain
hard_negative,CM_FP_argon2.dll,0x8664,x64,0,0,1,6.34,plain
hard_negative,CM_FP_bin.cmake.exe,0x8664,x64,0,0,1,6.33,plain
hard_negative,CM_FP_bin.cmake_gui.exe,0x8664,x64,0,0,1,6.44,plain
hard_negative,CM_FP_bin.cmcldeps.exe,0x8664,x64,0,0,1,6.49,plain
hard_negative,CM_FP_bin.cpack.exe,0x8664,x64,0,0,1,6.33,plain
hard_negative,CM_FP_bin.ctest.exe,0x8664,x64,0,0,1,6.33,plain
hard_negative,CM_FP_brotlicommon.dll,0x8664,x64,0,0,1,6.34,plain
hard_negative,CM_FP_brotlidec.dll,0x8664,x64,0,0,1,6.33,plain
hard_negative,CM_FP_bz2.dll,0x8664,x64,0,0,1,6.29,plain
hard_negative,CM_FP_clamconf.exe,0x8664,x64,0,0,1,4.78,plain
hard_negative,CM_FP_clamd.exe,0x8664,x64,0,0,1,5.20,plain
hard_negative,CM_FP_clamdscan.exe,0x8664,x64,0,0,1,5.15,plain
hard_negative,CM_FP_clamdtop.exe,0x8664,x64,0,0,1,5.08,plain
hard_negative,CM_FP_clamscan.exe,0x8664,x64,0,0,1,5.22,plain
hard_negative,CM_FP_clamsubmit.exe,0x8664,x64,0,0,1,4.88,plain
hard_negative,CM_FP_concrt140.dll,0x8664,x64,0,0,1,6.25,plain
hard_negative,CM_FP_double_conversion.dll,0x8664,x64,0,0,1,6.53,plain
hard_negative,CM_FP_freetype.dll,0x8664,x64,0,0,1,6.45,plain
hard_negative,CM_FP_freshclam.exe,0x8664,x64,0,0,1,5.12,plain
hard_negative,CM_FP_json_c.dll,0x8664,x64,0,0,1,6.27,plain
hard_negative,CM_FP_keepassxc_cli.exe,0x8664,x64,0,0,1,6.29,plain
hard_negative,CM_FP_libbz2.dll,0x8664,x64,0,0,1,6.33,plain
hard_negative,CM_FP_libclamav.dll,0x8664,x64,0,0,1,5.62,plain
hard_negative,CM_FP_libclammspack.dll,0x8664,x64,0,0,1,5.14,plain
hard_negative,CM_FP_libclamunrar.dll,0x8664,x64,0,0,1,5.47,plain
hard_negative,CM_FP_libclamunrar_iface.dll,0x8664,x64,0,0,1,3.27,plain
hard_negative,CM_FP_libcrypto_3_x64.dll,0x8664,x64,0,0,1,5.92,plain
hard_negative,CM_FP_libcrypto_3_x64_d0c3b8df.dll,0x8664,x64,0,0,1,6.71,plain
hard_negative,CM_FP_libcurl.dll,0x8664,x64,0,0,1,6.30,plain
hard_negative,CM_FP_libfreshclam.dll,0x8664,x64,0,0,1,5.59,plain
hard_negative,CM_FP_libpng16.dll,0x8664,x64,0,0,1,6.41,plain
hard_negative,CM_FP_libssh2.dll,0x8664,x64,0,0,1,6.32,plain
hard_negative,CM_FP_libssl_3_x64.dll,0x8664,x64,0,0,1,5.50,plain
hard_negative,CM_FP_libwebp.dll,0x8664,x64,0,0,1,6.47,plain
hard_negative,CM_FP_libwebpdemux.dll,0x8664,x64,0,0,1,6.31,plain
hard_negative,CM_FP_libwebpmux.dll,0x8664,x64,0,0,1,6.31,plain
hard_negative,CM_FP_libxml2.dll,0x8664,x64,0,0,1,6.34,plain
hard_negative,CM_FP_msvcp140.dll,0x8664,x64,0,0,1,6.37,plain
hard_negative,CM_FP_msvcp140_1.dll,0x8664,x64,0,0,1,6.07,plain
hard_negative,CM_FP_msvcp140_2.dll,0x8664,x64,0,0,1,6.15,plain
hard_negative,CM_FP_msvcp140_atomic_wait.dll,0x8664,x64,0,0,1,6.17,plain
hard_negative,CM_FP_nghttp2.dll,0x8664,x64,0,0,1,6.23,plain
hard_negative,CM_FP_pcre2_16.dll,0x8664,x64,0,0,1,6.29,plain
hard_negative,CM_FP_pcre2_8.dll,0x8664,x64,0,0,1,6.44,plain
hard_negative,CM_FP_pdcurses.dll,0x8664,x64,0,0,1,6.54,plain
hard_negative,CM_FP_plugins.iconengines.qsvgicon.dll,0x8664,x64,0,0,1,6.15,plain
hard_negative,CM_FP_plugins.imageformats.qicns.dll,0x8664,x64,0,0,1,6.25,plain
hard_negative,CM_FP_plugins.imageformats.qico.dll,0x8664,x64,0,0,1,6.21,plain
hard_negative,CM_FP_plugins.imageformats.qjpeg.dll,0x8664,x64,0,0,1,6.28,plain
hard_negative,CM_FP_plugins.imageformats.qsvg.dll,0x8664,x64,0,0,1,6.16,plain
hard_negative,CM_FP_plugins.imageformats.qtga.dll,0x8664,x64,0,0,1,6.09,plain
hard_negative,CM_FP_plugins.imageformats.qtiff.dll,0x8664,x64,0,0,1,6.23,plain
hard_negative,CM_FP_plugins.imageformats.qwbmp.dll,0x8664,x64,0,0,1,6.09,plain
hard_negative,CM_FP_plugins.platforms.qwindows.dll,0x8664,x64,0,0,1,6.34,plain
hard_negative,CM_FP_pthreadVC3.dll,0x8664,x64,0,0,1,4.82,plain
hard_negative,CM_FP_qrencode.dll,0x8664,x64,0,0,1,6.49,plain
hard_negative,CM_FP_vcruntime140.dll,0x8664,x64,0,0,2,6.49,plain
hard_negative,CM_FP_vcruntime140_1.dll,0x8664,x64,0,0,1,6.37,plain
hard_negative,CM_FP_zlib1.dll,0x8664,x64,0,0,1,6.43,plain
hard_negative,Chocolatey.PowerShell.dll,0x14c,x86,1,0,1,5.67,dotnet
hard_negative,CryptSync.EXE,0x14c,x86,0,0,1,6.53,plain
hard_negative,Cryptomator-1.19.3-x64.exe,0x14c,x86,0,0,1,6.47,plain
hard_negative,DB_Browser_for_SQLCipher.exe,0x8664,x64,0,0,1,6.35,plain
hard_negative,FileSyncClient.dll,0x8664,x64,0,0,1,6.36,plain
hard_negative,FileSyncFSNtfs.dll,0x8664,x64,0,0,1,6.35,plain
hard_negative,FileSyncFSNtfsWB.dll,0x8664,x64,0,0,1,6.36,plain
hard_negative,FileSyncHelper.exe,0x8664,x64,0,0,1,6.24,plain
hard_negative,FileSyncSessions.dll,0x8664,x64,0,0,1,6.37,plain
hard_negative,FileSyncShell.dll,0x14c,x86,0,0,1,6.65,plain
hard_negative,FileSyncTelemetryExtensions.dll,0x8664,x64,0,0,1,5.87,plain
hard_negative,GPG.EXE,0x14c,x86,0,0,1,6.38,plain
hard_negative,Git-2.55.0.5-64-bit.exe,0x14c,x86,0,0,2,6.39,plain
hard_negative,HandBrake.Worker.exe,0x8664,x64,0,0,1,6.37,plain
hard_negative,HandBrake.exe,0x8664,x64,0,0,1,6.37,plain
hard_negative,HiRes.dll,0x8664,x64,0,0,1,6.25,plain
hard_negative,ICONV.DLL,0x14c,x86,0,0,1,6.57,plain
hard_negative,Icon.DuplicatiIcon.exe,0x8664,x64,0,0,1,6.37,plain
hard_negative,Icon.SettingsIcon.exe,0x8664,x64,1,0,1,7.29,dotnet
hard_negative,ImageMagick-7.1.2-30-Q16-HDRI-x64-dll.exe,0x14c,x86,0,0,2,6.36,plain
hard_negative,InstallOptions.dll,0x14c,x86,0,0,1,6.29,plain
hard_negative,LTO.dll,0x8664,x64,0,0,1,6.34,plain
hard_negative,Malwarebytes_5.6.5.306_Machine_X64_exe_en-US.exe,0x14c,x86,0,0,1,6.54,plain
hard_negative,MpSigStub.exe,0x8664,x64,0,0,1,6.52,plain
hard_negative,NCContextMenu.dll,0x8664,x64,0,0,1,4.98,plain
hard_negative,NCOverlays.dll,0x8664,x64,0,0,1,4.76,plain
hard_negative,OneDrive.Sync.Service.exe,0x8664,x64,0,0,1,6.47,plain
hard_negative,OneDriveFileLauncher.exe,0x8664,x64,0,0,1,6.38,plain
hard_negative,OneDriveUpdaterService.exe,0x8664,x64,0,0,1,6.25,plain
hard_negative,PatchMyPC.exe,0x14c,x86,1,0,1,6.21,dotnet
hard_negative,Picocrypt.exe,0x8664,x64,0,0,1,6.40,plain
hard_negative,PostgreSQL 17_17.11-3_Machine_X64_exe_en-US.exe,0x14c,x86,0,0,1,6.09,plain
hard_negative,Qt5Concurrent.dll,0x8664,x64,0,0,1,6.28,plain
hard_negative,Qt5Core.dll,0x8664,x64,0,0,1,6.42,plain
hard_negative,Qt5Gui.dll,0x8664,x64,0,0,1,6.45,plain
hard_negative,Qt5Network.dll,0x8664,x64,0,0,1,6.28,plain
hard_negative,Qt5PrintSupport.dll,0x8664,x64,0,0,1,6.13,plain
hard_negative,Qt5Qml.dll,0x8664,x64,0,0,1,6.34,plain
hard_negative,Qt5Svg.dll,0x8664,x64,0,0,1,6.25,plain
hard_negative,Qt5Widgets.dll,0x8664,x64,0,0,1,6.37,plain
hard_negative,Qt5Xml.dll,0x8664,x64,0,0,1,6.17,plain
hard_negative,Qt6HttpServer.dll,0x8664,x64,0,0,1,6.09,plain
hard_negative,Rar.exe,0x8664,x64,0,0,1,6.53,plain
hard_negative,RarExt.dll,0x8664,x64,0,0,1,6.40,plain
hard_negative,RarExt32.dll,0x14c,x86,0,0,1,6.66,plain
hard_negative,RarExtInstaller.exe,0x8664,x64,0,0,1,6.44,plain
hard_negative,RegDll.x64.exe,0x8664,x64,0,0,1,6.48,plain
hard_negative,RegDll.x86.exe,0x14c,x86,0,0,1,6.61,plain
hard_negative,RegPackage.x86.exe,0x14c,x86,0,0,1,6.62,plain
hard_negative,UnRAR.exe,0x8664,x64,0,0,1,6.53,plain
hard_negative,Uninstall.exe,0x8664,x64,0,0,1,6.45,plain
hard_negative,Uninstall_dc60b368.exe,0x14c,x86,0,0,1,6.65,plain
hard_negative,Updater.x64.exe,0x8664,x64,0,0,1,6.45,plain
hard_negative,VCRUNTIME140_1.dll,0x8664,x64,0,0,1,6.36,plain
hard_negative,VeraCrypt.Setup.1.26.29.exe,0x14c,x86,0,0,1,6.62,plain
hard_negative,WebView2.x64.dll,0x8664,x64,0,0,1,6.47,plain
hard_negative,WinRAR.exe,0x8664,x64,0,0,1,6.54,plain
hard_negative,_7z.dll,0x8664,x64,0,0,1,6.39,plain
hard_negative,_7z.exe,0x8664,x64,0,0,1,6.32,plain
hard_negative,_7zFM.exe,0x8664,x64,0,0,1,6.29,plain
hard_negative,_7zG.exe,0x8664,x64,0,0,1,6.33,plain
hard_negative,_7zip.dll,0x8664,x64,0,0,1,6.19,plain
hard_negative,_7zip32.dll,0x14c,x86,0,0,1,6.53,plain
hard_negative,age-inspect.exe,0x8664,x64,0,0,1,6.26,plain
hard_negative,age-keygen.exe,0x8664,x64,0,0,1,6.28,plain
hard_negative,age-plugin-batchpass.exe,0x8664,x64,0,0,1,6.31,plain
hard_negative,age-plugin-pq.exe,0x8664,x64,0,0,1,6.30,plain
hard_negative,age-plugin-tag.exe,0x8664,x64,0,0,1,6.29,plain
hard_negative,age-plugin-tagpq.exe,0x8664,x64,0,0,1,6.29,plain
hard_negative,age.exe,0x8664,x64,0,0,1,6.25,plain
hard_negative,api-ms-win-core-console-l1-1-0.dll,0x8664,x64,0,0,0,0.00,no_exec
hard_negative,api-ms-win-core-errorhandling-l1-1-0.dll,0x8664,x64,0,0,0,0.00,no_exec
hard_negative,api-ms-win-core-errorhandling-l1-1-0_7d89c3d3.dll,0x8664,x64,0,0,0,0.00,no_exec
hard_negative,api-ms-win-core-errorhandling-l1-1-0_b3715112.dll,0x8664,x64,0,0,0,0.00,no_exec
hard_negative,api-ms-win-core-fibers-l1-1-0.dll,0x8664,x64,0,0,0,0.00,no_exec
hard_negative,api-ms-win-core-file-l1-1-0.dll,0x8664,x64,0,0,0,0.00,no_exec
hard_negative,api-ms-win-core-file-l1-1-0_56de091e.dll,0x8664,x64,0,0,0,0.00,no_exec
hard_negative,api-ms-win-core-handle-l1-1-0.dll,0x8664,x64,0,0,0,0.00,no_exec
hard_negative,api-ms-win-core-handle-l1-1-0_8ee2de37.dll,0x8664,x64,0,0,0,0.00,no_exec
hard_negative,api-ms-win-core-heap-l1-1-0.dll,0x8664,x64,0,0,0,0.00,no_exec
hard_negative,api-ms-win-core-libraryloader-l1-1-0.dll,0x8664,x64,0,0,0,0.00,no_exec
hard_negative,api-ms-win-core-libraryloader-l1-1-0_7f761b79.dll,0x8664,x64,0,0,0,0.00,no_exec
hard_negative,api-ms-win-core-localization-l1-2-0.dll,0x8664,x64,0,0,0,0.00,no_exec
hard_negative,api-ms-win-core-namedpipe-l1-1-0.dll,0x8664,x64,0,0,0,0.00,no_exec
hard_negative,api-ms-win-core-processenvironment-l1-1-0.dll,0x8664,x64,0,0,0,0.00,no_exec
hard_negative,api-ms-win-core-processthreads-l1-1-1.dll,0x8664,x64,0,0,0,0.00,no_exec
hard_negative,api-ms-win-core-profile-l1-1-0.dll,0x8664,x64,0,0,0,0.00,no_exec
hard_negative,api-ms-win-core-profile-l1-1-0_a8702fbf.dll,0x8664,x64,0,0,0,0.00,no_exec
hard_negative,api-ms-win-core-string-l1-1-0.dll,0x8664,x64,0,0,0,0.00,no_exec
hard_negative,api-ms-win-core-synch-l1-2-0.dll,0x8664,x64,0,0,0,0.00,no_exec
hard_negative,api-ms-win-crt-conio-l1-1-0.dll,0x8664,x64,0,0,0,0.00,no_exec
hard_negative,api-ms-win-crt-convert-l1-1-0.dll,0x8664,x64,0,0,0,0.00,no_exec
hard_negative,api-ms-win-crt-convert-l1-1-0_83678f18.dll,0x8664,x64,0,0,0,0.00,no_exec
hard_negative,api-ms-win-crt-filesystem-l1-1-0.dll,0x8664,x64,0,0,0,0.00,no_exec
hard_negative,api-ms-win-crt-locale-l1-1-0.dll,0x8664,x64,0,0,0,0.00,no_exec
hard_negative,api-ms-win-crt-process-l1-1-0.dll,0x8664,x64,0,0,0,0.00,no_exec
hard_negative,api-ms-win-crt-runtime-l1-1-0.dll,0x8664,x64,0,0,0,0.00,no_exec
hard_negative,api-ms-win-crt-runtime-l1-1-0_371a44ab.dll,0x8664,x64,0,0,0,0.00,no_exec
hard_negative,api-ms-win-crt-stdio-l1-1-0.dll,0x8664,x64,0,0,0,0.00,no_exec
hard_negative,api-ms-win-crt-string-l1-1-0.dll,0x8664,x64,0,0,0,0.00,no_exec
hard_negative,api-ms-win-crt-utility-l1-1-0.dll,0x8664,x64,0,0,0,0.00,no_exec
hard_negative,ark.x64.dll,0x8664,x64,0,0,1,6.50,plain
hard_negative,ark.x64.lgpl.dll,0x8664,x64,0,0,1,6.41,plain
hard_negative,ark.x86.dll,0x14c,x86,0,0,1,6.62,plain
hard_negative,ark.x86.lgpl.dll,0x14c,x86,0,0,1,6.57,plain
hard_negative,atk-1.0-0.dll,0x14c,x86,0,0,1,5.93,plain
hard_negative,basename.exe,0x8664,x64,0,0,1,6.12,plain
hard_negative,bbc.exe,0x8664,x64,0,0,1,6.34,plain
hard_negative,bdzshl.x64.dll,0x8664,x64,0,0,1,6.47,plain
hard_negative,bdzshl.x86.dll,0x14c,x86,0,0,1,6.68,plain
hard_negative,bleachbit.exe,0x14c,x86,0,0,1,6.21,plain
hard_negative,brotlidec.dll,0x14c,x86,0,0,1,6.41,plain
hard_negative,bz.x64.exe,0x8664,x64,0,0,1,6.47,plain
hard_negative,bz2.dll,0x14c,x86,0,0,1,6.31,plain
hard_negative,bzshell.x64.dll,0x8664,x64,0,0,1,6.43,plain
hard_negative,cairo-gobject-2.dll,0x14c,x86,0,0,1,5.90,plain
hard_negative,checksum.exe,0x14c,x86,1,0,1,5.66,dotnet
hard_negative,choco.exe,0x14c,x86,1,0,1,6.35,dotnet
hard_negative,choco_a158ca95.exe,0x14c,x86,1,0,1,5.28,dotnet
hard_negative,chown.exe,0x8664,x64,0,0,1,6.16,plain
hard_negative,clang-check.exe,0x8664,x64,0,0,1,6.35,plain
hard_negative,clang-cpp.exe,0x8664,x64,0,0,1,6.35,plain
hard_negative,clang-extdef-mapping.exe,0x8664,x64,0,0,1,6.35,plain
hard_negative,clang-include-cleaner.exe,0x8664,x64,0,0,1,6.34,plain
hard_negative,clang-include-fixer.exe,0x8664,x64,0,0,1,6.34,plain
hard_negative,clang-installapi.exe,0x8664,x64,0,0,1,6.34,plain
hard_negative,clang-linker-wrapper.exe,0x8664,x64,0,0,1,6.33,plain
hard_negative,clang-move.exe,0x8664,x64,0,0,1,6.34,plain
hard_negative,clang-nvlink-wrapper.exe,0x8664,x64,0,0,1,6.34,plain
hard_negative,clang-offload-bundler.exe,0x8664,x64,0,0,1,6.37,plain
hard_negative,clang-query.exe,0x8664,x64,0,0,1,6.32,plain
hard_negative,clang-reorder-fields.exe,0x8664,x64,0,0,1,6.34,plain
hard_negative,clang-scan-deps.exe,0x8664,x64,0,0,1,6.34,plain
hard_negative,clang-sycl-linker.exe,0x8664,x64,0,0,1,6.33,plain
hard_negative,clang-tidy.exe,0x8664,x64,0,0,1,6.33,plain
hard_negative,clang64.exe,0x8664,x64,0,0,1,6.22,plain
hard_negative,clang_rt.asan_dynamic-x86_64.dll,0x8664,x64,0,0,1,6.39,plain
hard_negative,clangd.exe,0x8664,x64,0,0,1,6.34,plain
hard_negative,coupang.exe,0x14c,x86,0,0,1,6.64,plain
hard_negative,d3dcompiler_47.dll,0x8664,x64,0,0,1,6.33,plain
hard_negative,db_recover.exe,0x8664,x64,0,0,1,5.79,plain
hard_negative,dd.exe,0x8664,x64,0,0,1,6.30,plain
hard_negative,def_parser.exe,0x8664,x64,0,0,1,6.17,plain
hard_negative,dnsdomainname.exe,0x8664,x64,0,0,1,6.16,plain
hard_negative,dotNetFx40_Full_x86_x64.exe,0x14c,x86,0,0,1,6.56,plain
hard_negative,dt_socket.dll,0x8664,x64,0,0,1,6.20,plain
hard_negative,duckdb.exe,0x8664,x64,0,0,1,6.46,plain
hard_negative,dupeguru-win64.exe,0x8664,x64,0,0,1,6.47,plain
hard_negative,duplicacy_win_x64_3.2.5.exe,0x8664,x64,0,0,1,6.12,plain
hard_negative,eraser.exe,0x14c,x86,0,0,1,6.63,plain
hard_negative,f18-parse-demo.exe,0x8664,x64,0,0,1,6.29,plain
hard_negative,ffmpeg.exe,0x8664,x64,0,0,2,7.69,packed_other
hard_negative,ffplay.exe,0x8664,x64,0,0,2,7.69,packed_other
hard_negative,ffprobe.exe,0x8664,x64,0,0,2,7.69,packed_other
hard_negative,fir-lsp-server.exe,0x8664,x64,0,0,1,6.27,plain
hard_negative,formats.dll,0x8664,x64,0,0,1,5.75,plain
hard_negative,fribidi-0.dll,0x14c,x86,0,0,1,6.60,plain
hard_negative,gawk.exe,0x8664,x64,0,0,1,6.30,plain
hard_negative,generate-modmap.exe,0x8664,x64,0,0,1,6.22,plain
hard_negative,getopt.exe,0x8664,x64,0,0,1,6.14,plain
hard_negative,gio-2.0-0.dll,0x14c,x86,0,0,1,6.27,plain
hard_negative,girepository-1.0-1.dll,0x14c,x86,0,0,1,6.43,plain
hard_negative,girepository-2.0-0.dll,0x14c,x86,0,0,1,6.40,plain
hard_negative,glib-2.0-0.dll,0x14c,x86,0,0,1,6.60,plain
hard_negative,gmodule-2.0-0.dll,0x14c,x86,0,0,1,6.17,plain
hard_negative,gnupg-w32-2.5.21_20260702-bin.exe,0x14c,x86,0,0,1,5.97,plain
hard_negative,gpg-preset-passphrase.exe,0x8664,x64,0,0,1,6.13,plain
hard_negative,gpgex.dll,0x8664,x64,0,0,1,6.06,plain
hard_negative,gpgol.dll,0x8664,x64,0,0,1,6.21,plain
hard_negative,gpgolconfig.exe,0x8664,x64,0,0,1,6.06,plain
hard_negative,gspawn-win32-helper.exe,0x14c,x86,0,0,1,6.35,plain
hard_negative,gtk-3-vs17.dll,0x14c,x86,0,0,1,6.47,plain
hard_negative,harfbuzz-gobject.dll,0x14c,x86,0,0,1,5.86,plain
hard_negative,harfbuzz.dll,0x14c,x86,0,0,1,6.67,plain
hard_negative,hb.dll,0x8664,x64,0,0,2,6.65,plain
hard_negative,hmac256.exe,0x8664,x64,0,0,1,6.11,plain
hard_negative,instrument.dll,0x8664,x64,0,0,1,6.20,plain
hard_negative,jansi.dll,0x14c,x86,0,0,1,5.89,plain
hard_negative,jansi_7020260c.dll,0x8664,x64,0,0,1,5.93,plain
hard_negative,java.exe,0x8664,x64,0,0,1,6.07,plain
hard_negative,javaw.exe,0x8664,x64,0,0,1,6.06,plain
hard_negative,jnidispatch.dll,0x8664,x64,0,0,1,6.07,plain
hard_negative,jnidispatch_752d597c.dll,0x14c,x86,0,0,1,6.50,plain
hard_negative,kopia.exe,0x8664,x64,0,0,1,6.13,plain
hard_negative,kryptor.exe,0x8664,x64,0,0,2,6.45,plain
hard_negative,libGLESv2.dll,0x8664,x64,0,0,1,6.31,plain
hard_negative,libKF6ConfigWidgets.dll,0x8664,x64,0,0,1,6.11,plain
hard_negative,libKF6I18n.dll,0x8664,x64,0,0,1,5.96,plain
hard_negative,libKF6ItemViews.dll,0x8664,x64,0,0,1,6.17,plain
hard_negative,libKF6SonnetUi.dll,0x8664,x64,0,0,1,5.97,plain
hard_negative,libKPim6Mbox.dll,0x8664,x64,0,0,1,6.06,plain
hard_negative,libKPim6MimeTreeParserWidgets.dll,0x8664,x64,0,0,1,6.04,plain
hard_negative,libcrypto-1_1.dll,0x8664,x64,0,0,1,5.97,plain
hard_negative,libcrypto-3.dll,0x14c,x86,0,0,1,6.73,plain
hard_negative,libcrypto.dll,0x8664,x64,0,0,1,5.99,plain
hard_negative,libffi-7.dll,0x8664,x64,0,0,1,6.27,plain
hard_negative,libgmodule-2.0-0.dll,0x8664,x64,0,0,1,6.00,plain
hard_negative,libgpg-error-0.dll,0x14c,x86,0,0,1,6.02,plain
hard_negative,libgpgmepp-7.dll,0x14c,x86,0,0,1,6.26,plain
hard_negative,libicalss.dll,0x8664,x64,0,0,1,6.18,plain
hard_negative,libiconv-2.dll,0x8664,x64,0,0,1,6.12,plain
hard_negative,liblzma-5.dll,0x8664,x64,0,0,1,6.25,plain
hard_negative,liblzma.dll,0x14c,x86,0,0,1,6.30,plain
hard_negative,liblzma_292e3765.dll,0x8664,x64,0,0,1,6.24,plain
hard_negative,liblzma_8a42d94e.dll,0x14c,x86,0,0,1,6.37,plain
hard_negative,libomp.dll,0x8664,x64,0,0,1,6.50,plain
hard_negative,libpng16.dll,0x14c,x86,0,0,1,6.53,plain
hard_negative,libqgpgmeqt6-15.dll,0x8664,x64,0,0,1,6.04,plain
hard_negative,libssl-1_1.dll,0x8664,x64,0,0,1,5.41,plain
hard_negative,libssl.dll,0x8664,x64,0,0,1,5.41,plain
hard_negative,libtiff.dll,0x8664,x64,0,0,1,6.36,plain
hard_negative,libwinpthread-1.dll,0x8664,x64,0,0,1,6.11,plain
hard_negative,libzstd.dll,0x8664,x64,0,0,1,6.35,plain
hard_negative,lld-link.exe,0x8664,x64,0,0,1,6.34,plain
hard_negative,lldb-argdumper.exe,0x8664,x64,0,0,1,6.39,plain
hard_negative,lldb-instr.exe,0x8664,x64,0,0,1,6.36,plain
hard_negative,lldb-mcp.exe,0x8664,x64,0,0,1,6.41,plain
hard_negative,lldb-server.exe,0x8664,x64,0,0,1,6.37,plain
hard_negative,llvm-ar.exe,0x8664,x64,0,0,1,6.39,plain
hard_negative,llvm-ml.exe,0x8664,x64,0,0,1,6.41,plain
hard_negative,llvm-pdbutil.exe,0x8664,x64,0,0,1,6.36,plain
hard_negative,llvm-rc.exe,0x8664,x64,0,0,1,6.40,plain
hard_negative,llvm-strings.exe,0x8664,x64,0,0,1,6.38,plain
hard_negative,llvm-strip.exe,0x8664,x64,0,0,1,6.36,plain
hard_negative,llvm-symbolizer.exe,0x8664,x64,0,0,1,6.36,plain
hard_negative,lm.x64.dll,0x8664,x64,0,0,3,7.69,packed_other
hard_negative,lzmadec.exe,0x8664,x64,0,0,1,6.26,plain
hard_negative,lzmadec_e95d43ca.exe,0x14c,x86,0,0,1,6.28,plain
hard_negative,lzmainfo.exe,0x8664,x64,0,0,1,6.32,plain
hard_negative,lzmainfo_60a25dd9.exe,0x14c,x86,0,0,1,6.37,plain
hard_negative,mip_ClientTelemetry.dll,0x8664,x64,0,0,1,6.47,plain
hard_negative,mip_core.dll,0x8664,x64,0,0,1,6.40,plain
hard_negative,mip_protection_sdk.dll,0x8664,x64,0,0,1,6.19,plain
hard_negative,mkswap.exe,0x8664,x64,0,0,1,6.10,plain
hard_negative,mpengine.dll,0x8664,x64,0,0,1,6.45,plain
hard_negative,msert.exe,0x8664,x64,0,0,1,6.51,plain
hard_negative,msgconv.exe,0x8664,x64,0,0,1,5.55,plain
hard_negative,msvcp140_2_app.dll,0x8664,x64,0,0,0,0.00,no_exec
hard_negative,msvcp140_app.dll,0x8664,x64,0,0,0,0.00,no_exec
hard_negative,msys-gmpxx-4.dll,0x8664,x64,0,0,1,5.90,plain
hard_negative,msys-pcre-1.dll,0x8664,x64,0,0,1,6.22,plain
hard_negative,ninja.exe,0x8664,x64,0,0,1,6.47,plain
hard_negative,nio.dll,0x8664,x64,0,0,1,6.13,plain
hard_negative,node.exe,0x8664,x64,0,0,2,6.48,plain
hard_negative,nsDialogs.dll,0x14c,x86,0,0,1,6.21,plain
hard_negative,nvptx-arch.exe,0x8664,x64,0,0,1,6.39,plain
hard_negative,okular.exe,0x8664,x64,0,0,1,5.98,plain
hard_negative,peazip-11.2.0.WIN64.exe,0x14c,x86,0,0,2,6.40,plain
hard_negative,pinentry.exe,0x8664,x64,0,0,1,6.07,plain
hard_negative,pinky.exe,0x8664,x64,0,0,1,6.12,plain
hard_negative,pixbufloader-svg.dll,0x14c,x86,0,0,1,6.21,plain
hard_negative,python3.dll,0x14c,x86,0,0,0,0.00,no_exec
hard_negative,pythoncom38.dll,0x8664,x64,0,0,1,6.13,plain
hard_negative,pywintypes312.dll,0x14c,x86,0,0,1,6.26,plain
hard_negative,pywintypes38.dll,0x8664,x64,0,0,1,5.98,plain
hard_negative,qgenericbearer.dll,0x8664,x64,0,0,1,6.11,plain
hard_negative,qgif.dll,0x8664,x64,0,0,1,6.17,plain
hard_negative,qicns.dll,0x8664,x64,0,0,1,6.23,plain
hard_negative,qico.dll,0x8664,x64,0,0,1,6.20,plain
hard_negative,qjpeg.dll,0x8664,x64,0,0,1,6.41,plain
hard_negative,qmodernwindowsstyle.dll,0x8664,x64,0,0,1,6.07,plain
hard_negative,qschannelbackend.dll,0x8664,x64,0,0,1,6.00,plain
hard_negative,qsvg.dll,0x8664,x64,0,0,1,6.14,plain
hard_negative,qsvgicon.dll,0x8664,x64,0,0,1,6.15,plain
hard_negative,qtga.dll,0x8664,x64,0,0,1,6.09,plain
hard_negative,qwbmp.dll,0x8664,x64,0,0,1,6.09,plain
hard_negative,qwebgl.dll,0x8664,x64,0,0,1,6.23,plain
hard_negative,qwebp.dll,0x8664,x64,0,0,1,6.51,plain
hard_negative,qwindowsvistastyle.dll,0x8664,x64,0,0,1,6.28,plain
hard_negative,rclone.exe,0x8664,x64,0,0,1,6.15,plain
hard_negative,realpath.exe,0x8664,x64,0,0,1,6.20,plain
hard_negative,reset.exe,0x8664,x64,0,0,1,6.00,plain
hard_negative,restic_0.19.1_windows_amd64.exe,0x8664,x64,0,0,1,6.13,plain
hard_negative,rufus-4.15.exe,0x8664,x64,0,0,1,6.54,plain
hard_negative,rustup-init.exe,0x8664,x64,0,0,1,6.31,plain
hard_negative,rwarray.dll,0x8664,x64,0,0,1,5.75,plain
hard_negative,scute.dll,0x8664,x64,0,0,1,5.89,plain
hard_negative,sdelete.exe,0x14c,x86,0,0,1,6.62,plain
hard_negative,sdelete64.exe,0x8664,x64,0,0,1,6.50,plain
hard_negative,seafileapplet.exe,0x8664,x64,0,0,1,5.13,plain
hard_negative,setfacl.exe,0x8664,x64,0,0,1,6.11,plain
hard_negative,sha1sum.exe,0x8664,x64,0,0,1,6.38,plain
hard_negative,shimgen.exe,0x14c,x86,1,0,1,5.01,dotnet
hard_negative,sqlcipher.dll,0x8664,x64,0,0,1,5.84,plain
hard_negative,sqlean.dll,0x8664,x64,0,0,1,6.23,plain
hard_negative,sqlite3.dll,0x8664,x64,0,0,1,5.62,plain
hard_negative,stat.exe,0x8664,x64,0,0,1,6.33,plain
hard_negative,sunmscapi.dll,0x8664,x64,0,0,1,5.98,plain
hard_negative,syncthing.exe,0x8664,x64,0,0,1,6.20,plain
hard_negative,tabs.exe,0x8664,x64,0,0,1,5.99,plain
hard_negative,tiff.dll,0x14c,x86,0,0,1,6.53,plain
hard_negative,trust.exe,0x8664,x64,0,0,1,6.17,plain
hard_negative,ucrtbase.dll,0x8664,x64,0,0,1,6.56,plain
hard_negative,vcruntime140.dll,0x14c,x86,0,0,1,6.45,plain
hard_negative,vercmp.exe,0x8664,x64,0,0,1,5.83,plain
hard_negative,web32.exe,0x14c,x86,0,0,1,6.66,plain
hard_negative,webview.x86.dll,0x14c,x86,0,0,1,6.61,plain
hard_negative,wget.exe,0x8664,x64,0,0,1,6.34,plain
hard_negative,windows_czkawka_cli.exe,0x8664,x64,0,0,1,6.42,plain
hard_negative,wix314.exe,0x14c,x86,0,0,1,6.58,plain
hard_negative,xz.exe,0x8664,x64,0,0,1,6.28,plain
hard_negative,xz_1024b9a1.exe,0x14c,x86,0,0,1,6.24,plain
hard_negative,xzdec.exe,0x8664,x64,0,0,1,6.42,plain
hard_negative,xzdec_5a90b00c.exe,0x14c,x86,0,0,1,6.43,plain
hard_negative,zipper.exe,0x8664,x64,0,0,1,6.36,plain
hard_negative,zstd.exe,0x8664,x64,0,0,1,6.35,plain
system,AMDBugReportTool.exe,0x14c,x86,0,0,1,6.52,plain
system,AddInProcess32.exe,0x14c,x86,1,0,1,5.10,dotnet
system,AggregatorHost.exe,0x8664,x64,0,0,2,6.28,plain
system,AppInstallerBackgroundUpdate.exe,0x8664,x64,0,0,2,6.12,plain
system,ApplicationFrameHost.exe,0x8664,x64,0,0,2,6.05,plain
system,ApproveChildRequest.exe,0x8664,x64,0,0,2,6.10,plain
system,AtBroker.exe,0x8664,x64,0,0,2,6.25,plain
system,AuthHost.exe,0x8664,x64,0,0,2,6.15,plain
system,BackgroundTransferHost.exe,0x8664,x64,0,0,2,5.88,plain
system,BitLockerDeviceEncryption.exe,0x8664,x64,0,0,2,6.35,plain
system,ByteCodeGenerator.exe,0x8664,x64,0,0,2,6.14,plain
system,CheckNetIsolation.exe,0x8664,x64,0,0,2,6.04,plain
system,CloudNotifications.exe,0x14c,x86,0,0,1,6.38,plain
system,ComSvcConfig.exe,0x14c,x86,1,0,1,5.70,dotnet
system,DWWIN.EXE,0x8664,x64,0,0,2,6.25,plain
system,Defrag.exe,0x8664,x64,0,0,2,6.11,plain
system,DeviceEject.exe,0x8664,x64,0,0,2,5.73,plain
system,DeviceEnroller.exe,0x8664,x64,0,0,2,6.18,plain
system,Dism.exe,0x8664,x64,0,0,2,6.15,plain
system,DisplaySwitch.exe,0x8664,x64,0,0,2,5.99,plain
system,DpiScaling.exe,0x14c,x86,0,0,1,5.74,plain
system,EDPCleanup.exe,0x8664,x64,0,0,2,6.10,plain
system,EEURestart.exe,0x8664,x64,0,0,1,6.49,plain
system,EaseOfAccessDialog.exe,0x8664,x64,0,0,2,6.18,plain
system,EaseOfAccessDialog_1b5abd93.exe,0x14c,x86,0,0,1,5.83,plain
system,EdmGen.exe,0x14c,x86,1,0,1,5.50,dotnet
system,EhStorAuthn.exe,0x8664,x64,0,0,2,6.06,plain
system,EhStorAuthn_f063d732.exe,0x14c,x86,0,0,1,6.22,plain
system,Fondue.exe,0x14c,x86,0,0,1,6.25,plain
system,GamePanel.exe,0x8664,x64,0,0,2,6.33,plain
system,GamePanel_365fd54b.exe,0x14c,x86,0,0,1,6.37,plain
system,IEExec.exe,0x14c,x86,1,0,1,5.78,dotnet
system,InfDefaultInstall.exe,0x14c,x86,0,0,1,6.40,plain
system,InputSwitchToastHandler.exe,0x8664,x64,0,0,2,6.07,plain
system,LaunchTM.exe,0x8664,x64,0,0,2,6.17,plain
system,LaunchTM_692e5c34.exe,0x14c,x86,0,0,1,6.47,plain
system,LaunchWinApp.exe,0x14c,x86,0,0,1,6.33,plain
system,Ldr64.exe,0x8664,x64,0,0,1,6.35,plain
system,LiveCaptions.exe,0x8664,x64,0,0,2,6.03,plain
system,LogonUI.exe,0x8664,x64,0,0,2,6.10,plain
system,MCU.exe,0x14c,x86,1,0,1,6.34,dotnet
system,MLEngineStub.exe,0x8664,x64,0,0,2,6.12,plain
system,MSBuild.exe,0x8664,x64,1,0,1,5.62,dotnet
system,MdSched.exe,0x8664,x64,0,0,2,6.14,plain
system,Microsoft.Data.UsageAndQualityInsights.MaintenanceTask.exe,0x8664,x64,0,0,2,6.18,plain
system,Microsoft.Workflow.Compiler.exe,0x14c,x86,1,0,1,5.96,dotnet
system,MicrosoftEdgeCP.exe,0x8664,x64,0,0,2,6.02,plain
system,MicrosoftEdgeUpdateSetup.exe,0x14c,x86,0,0,1,6.65,plain
system,MpDefenderCoreService.exe,0x8664,x64,0,0,2,6.45,plain
system,MsSpellCheckingHost.exe,0x8664,x64,0,0,2,6.08,plain
system,MuiUnattend.exe,0x14c,x86,0,0,1,6.12,plain
system,NETSTAT.EXE,0x8664,x64,0,0,2,6.18,plain
system,NetEvtFwdr.exe,0x8664,x64,0,0,2,6.01,plain
system,NpcapHelper.exe,0x14c,x86,0,0,1,6.64,plain
system,NpcapHelper_1001d5c0.exe,0x8664,x64,0,0,1,6.51,plain
system,OpenWith.exe,0x14c,x86,0,0,1,6.31,plain
system,PATHPING.EXE,0x8664,x64,0,0,2,6.09,plain
system,PING.EXE,0x8664,x64,0,0,2,6.19,plain
system,PackagedCWALauncher.exe,0x14c,x86,0,0,1,6.29,plain
system,PickerHost.exe,0x8664,x64,0,0,2,6.10,plain
system,PinEnrollmentBroker.exe,0x8664,x64,0,0,2,6.01,plain
system,PnPUnattend.exe,0x8664,x64,0,0,2,6.05,plain
system,PresentationHost.exe,0x14c,x86,0,0,1,6.20,plain
system,PresentationHost_0111d485.exe,0x8664,x64,0,0,2,6.10,plain
system,ROUTE.EXE,0x14c,x86,0,0,1,6.29,plain
system,RdpSa.exe,0x8664,x64,0,0,2,6.12,plain
system,RdpSaUacHelper.exe,0x8664,x64,0,0,2,6.06,plain
system,RdpSa_d4831696.exe,0x14c,x86,0,0,1,6.30,plain
system,Robocopy.exe,0x14c,x86,0,0,1,6.37,plain
system,RuntimeBroker.exe,0x8664,x64,0,0,2,6.12,plain
system,SIHClient.exe,0x8664,x64,0,0,1,6.35,plain
system,SMConfigInstaller.exe,0x8664,x64,0,0,1,6.29,plain
system,SearchFilterHost.exe,0x14c,x86,0,0,1,6.37,plain
system,SearchIndexer.exe,0x14c,x86,0,0,1,6.38,plain
system,SearchProtocolHost.exe,0x8664,x64,0,0,2,6.25,plain
system,SecEdit.exe,0x14c,x86,0,0,1,5.81,plain
system,SecEdit_bead137f.exe,0x8664,x64,0,0,2,6.03,plain
system,SensorRuntimeBroker.exe,0x8664,x64,0,0,2,6.09,plain
system,ServiceModelReg.exe,0x14c,x86,1,0,1,5.71,dotnet
system,ShellHost.exe,0x8664,x64,0,0,2,6.23,plain
system,SpatialAudioLicenseSrv.exe,0x8664,x64,0,0,2,6.26,plain
system,SyncHost.exe,0x14c,x86,0,0,1,6.31,plain
system,SystemPropertiesHardware.exe,0x14c,x86,0,0,1,5.62,plain
system,SystemPropertiesPerformance.exe,0x14c,x86,0,0,1,5.63,plain
system,SystemSettingsAdminFlows.exe,0x8664,x64,0,0,2,6.23,plain
system,TpmTool.exe,0x8664,x64,0,0,2,6.30,plain
system,UCConfigTask.exe,0x8664,x64,0,0,2,6.00,plain
system,UIMgrBroker.exe,0x8664,x64,0,0,2,6.05,plain
system,UPPrinterInstaller.exe,0x8664,x64,0,0,2,6.12,plain
system,UpgradeResultsUI.exe,0x8664,x64,0,0,2,6.13,plain
system,UsoClient.exe,0x8664,x64,0,0,2,6.12,plain
system,Utilman.exe,0x8664,x64,0,0,2,6.19,plain
system,VSSVC.exe,0x8664,x64,0,0,2,6.08,plain
system,VaultCmd.exe,0x8664,x64,0,0,2,6.12,plain
system,VoiceAccess.exe,0x8664,x64,0,0,2,6.20,plain
system,WMIADAP.exe,0x8664,x64,0,0,2,6.02,plain
system,WPDShextAutoplay.exe,0x14c,x86,0,0,1,6.10,plain
system,WUDFHost.exe,0x8664,x64,0,0,2,6.17,plain
system,WWAHost.exe,0x14c,x86,0,0,1,6.52,plain
system,WerFault.exe,0x8664,x64,0,0,2,6.33,plain
system,WerFaultSecure.exe,0x14c,x86,0,0,1,6.44,plain
system,WinCsFlags.exe,0x8664,x64,0,0,2,6.32,plain
system,Windows.WARP.JITService.exe,0x14c,x86,0,0,1,6.21,plain
system,WlanHelper.exe,0x8664,x64,0,0,1,6.50,plain
system,WlanHelper_b4bc6165.exe,0x14c,x86,0,0,1,6.66,plain
system,WpcTok.exe,0x8664,x64,0,0,2,6.15,plain
system,WsatConfig.exe,0x14c,x86,1,0,1,5.64,dotnet
system,WsatConfig_0c5577f3.exe,0x14c,x86,1,0,1,5.68,dotnet
system,agentactivationruntimestarter.exe,0x8664,x64,0,0,2,5.65,plain
system,agentactivationruntimestarter_536a2035.exe,0x14c,x86,0,0,1,5.64,plain
system,amd-smi.exe,0x8664,x64,0,0,1,6.38,plain
system,amdlogum.exe,0x8664,x64,0,0,1,6.46,plain
system,appverif.exe,0x14c,x86,0,0,1,6.19,plain
system,aspnet_compiler.exe,0x8664,x64,1,0,1,5.56,dotnet
system,aspnet_state.exe,0x8664,x64,0,0,1,6.23,plain
system,at.exe,0x8664,x64,0,0,2,6.18,plain
system,at_cbcf0640.exe,0x14c,x86,0,0,1,6.34,plain
system,atieah32.exe,0x14c,x86,0,0,1,6.64,plain
system,atieah64.exe,0x8664,x64,0,0,1,6.50,plain
system,atieclxx.exe,0x8664,x64,0,0,1,6.39,plain
system,audiodg.exe,0x8664,x64,0,0,3,6.19,plain
system,auditpol.exe,0x8664,x64,0,0,2,6.08,plain
system,autofstx.exe,0x14c,x86,0,0,1,6.41,plain
system,backgroundTaskHost.exe,0x8664,x64,0,0,2,5.65,plain
system,backgroundTaskHost_a3d1c469.exe,0x14c,x86,0,0,1,5.32,plain
system,bcdboot.exe,0x8664,x64,0,0,2,6.22,plain
system,bfscfg.exe,0x8664,x64,0,0,2,6.15,plain
system,bitsadmin.exe,0x14c,x86,0,0,1,5.71,plain
system,browser_broker.exe,0x8664,x64,0,0,2,6.01,plain
system,bthudtask.exe,0x14c,x86,0,0,1,5.57,plain
system,changepk.exe,0x8664,x64,0,0,2,6.13,plain
system,charmap.exe,0x8664,x64,0,0,2,6.20,plain
system,charmap_dbf5f840.exe,0x14c,x86,0,0,1,6.41,plain
system,chkntfs.exe,0x8664,x64,0,0,2,5.57,plain
system,choice.exe,0x14c,x86,0,0,1,6.27,plain
system,cleanmgr.exe,0x8664,x64,0,0,2,6.00,plain
system,clinfo.exe,0x8664,x64,0,0,1,6.45,plain
system,cmdkey.exe,0x14c,x86,0,0,1,5.96,plain
system,cmmon32.exe,0x14c,x86,0,0,1,5.79,plain
system,cmstp.exe,0x14c,x86,0,0,1,6.02,plain
system,compact.exe,0x8664,x64,0,0,2,6.13,plain
system,compact_b23fd0fc.exe,0x14c,x86,0,0,1,6.35,plain
system,convert.exe,0x8664,x64,0,0,2,5.57,plain
system,convert_1d09e2c6.exe,0x14c,x86,0,0,1,5.79,plain
system,convertvhd.exe,0x8664,x64,0,0,2,6.21,plain
system,cscript.exe,0x14c,x86,0,0,1,6.32,plain
system,csrss.exe,0x8664,x64,0,0,1,5.61,plain
system,ctfmon.exe,0x8664,x64,0,0,2,6.14,plain
system,ctfmon_6beb6501.exe,0x14c,x86,0,0,1,6.45,plain
system,cttune.exe,0x14c,x86,0,0,1,6.46,plain
system,curl.exe,0x14c,x86,0,0,1,6.66,plain
system,curl_73d24149.exe,0x8664,x64,0,0,1,6.37,plain
system,dccw.exe,0x14c,x86,0,0,1,6.33,plain
system,dcomcnfg.exe,0x8664,x64,0,0,2,5.71,plain
system,ddodiag.exe,0x8664,x64,0,0,2,5.87,plain
system,deploymentcsphelper.exe,0x8664,x64,0,0,2,6.08,plain
system,dfrgui.exe,0x14c,x86,0,0,1,6.35,plain
system,dfrgui_fb229970.exe,0x8664,x64,0,0,2,6.16,plain
system,dfsvc.exe,0x14c,x86,1,0,1,5.78,dotnet
system,dgtrayicon.exe,0x8664,x64,0,0,1,6.46,plain
system,dialer.exe,0x8664,x64,0,0,2,6.02,plain
system,directxdatabaseupdater.exe,0x8664,x64,0,0,2,6.13,plain
system,diskperf.exe,0x14c,x86,0,0,1,6.14,plain
system,diskusage.exe,0x14c,x86,0,0,1,6.36,plain
system,dllhst3g.exe,0x8664,x64,0,0,2,6.14,plain
system,dmclient.exe,0x8664,x64,0,0,2,6.10,plain
system,doskey.exe,0x8664,x64,0,0,2,5.52,plain
system,dpapimig.exe,0x14c,x86,0,0,1,5.88,plain
system,drvinst.exe,0x8664,x64,0,0,2,6.27,plain
system,dsregcmd.exe,0x8664,x64,0,0,2,6.22,plain
system,dtdump.exe,0x8664,x64,0,0,2,6.15,plain
system,dusmtask.exe,0x8664,x64,0,0,2,6.10,plain
system,dvdplay.exe,0x14c,x86,0,0,1,5.76,plain
system,dvdplay_ca692f9c.exe,0x8664,x64,0,0,2,5.73,plain
system,dxdiag.exe,0x8664,x64,0,0,2,6.18,plain
system,edit.exe,0x8664,x64,0,0,1,6.25,plain
system,efsui.exe,0x14c,x86,0,0,1,5.88,plain
system,esimtool.exe,0x8664,x64,0,0,2,6.11,plain
system,expand.exe,0x8664,x64,0,0,2,6.19,plain
system,explorer.exe,0x14c,x86,0,0,1,6.42,plain
system,extrac32.exe,0x14c,x86,0,0,1,6.49,plain
system,fc.exe,0x8664,x64,0,0,2,5.70,plain
system,findstr.exe,0x8664,x64,0,0,2,6.24,plain
system,forfiles.exe,0x14c,x86,0,0,1,6.25,plain
system,fsutil.exe,0x8664,x64,0,0,2,6.14,plain
system,fsutil_91e847ee.exe,0x14c,x86,0,0,1,6.32,plain
system,ftp.exe,0x8664,x64,0,0,2,6.18,plain
system,gpupdate.exe,0x14c,x86,0,0,1,6.09,plain
system,grpconv.exe,0x14c,x86,0,0,1,5.93,plain
system,help.exe,0x14c,x86,0,0,1,5.73,plain
system,hh.exe,0x14c,x86,0,0,1,5.95,plain
system,ie4uinit.exe,0x8664,x64,0,0,2,6.24,plain
system,ieUnatt.exe,0x8664,x64,0,0,2,6.21,plain
system,instnm.exe,0x14c,x86,0,0,1,5.69,plain
system,ipconfig.exe,0x14c,x86,0,0,1,6.30,plain
system,iscsicli.exe,0x8664,x64,0,0,2,6.18,plain
system,jsc.exe,0x14c,x86,1,0,1,5.63,dotnet
system,klist.exe,0x8664,x64,0,0,2,6.16,plain
system,la57setup.exe,0x8664,x64,0,0,2,5.80,plain
system,label.exe,0x8664,x64,0,0,2,5.64,plain
system,lsass.exe,0x8664,x64,0,0,2,6.01,plain
system,makecab.exe,0x14c,x86,0,0,1,6.59,plain
system,manage-bde.exe,0x8664,x64,0,0,2,6.25,plain
system,mfpmp.exe,0x14c,x86,0,0,1,6.11,plain
system,mmc.exe,0x8664,x64,0,0,2,6.15,plain
system,mobsync.exe,0x14c,x86,0,0,1,6.31,plain
system,msconfig.exe,0x8664,x64,0,0,2,5.96,plain
system,mshta.exe,0x8664,x64,0,0,2,5.78,plain
system,msiexec.exe,0x14c,x86,0,0,1,6.16,plain
system,msinfo32.exe,0x14c,x86,0,0,1,6.13,plain
system,msinfo32_20921491.exe,0x8664,x64,0,0,2,6.05,plain
system,msra.exe,0x8664,x64,0,0,2,6.16,plain
system,mstsc.exe,0x8664,x64,0,0,2,6.36,plain
system,mtstocom.exe,0x14c,x86,0,0,1,6.40,plain
system,nbtstat.exe,0x8664,x64,0,0,2,6.10,plain
system,ndadmin.exe,0x8664,x64,0,0,2,5.97,plain
system,net.exe,0x8664,x64,0,0,2,6.18,plain
system,netsh.exe,0x8664,x64,0,0,2,6.13,plain
system,newdev.exe,0x8664,x64,0,0,2,5.96,plain
system,ngen.exe,0x8664,x64,0,0,1,6.27,plain
system,ngen_791f4441.exe,0x8664,x64,0,0,1,5.97,plain
system,ngentask.exe,0x8664,x64,1,0,1,5.63,dotnet
system,nslookup.exe,0x8664,x64,0,0,2,6.27,plain
system,ntoskrnl.exe,0x8664,x64,0,0,18,6.56,plain
system,nvdebugdump.exe,0x8664,x64,0,0,1,6.07,plain
system,nvidia-pcc.exe,0x8664,x64,0,0,1,6.31,plain
system,nvidia-smi.exe,0x8664,x64,0,0,1,6.44,plain
system,odbcad32.exe,0x8664,x64,0,0,2,5.74,plain
system,openfiles.exe,0x14c,x86,0,0,1,6.22,plain
system,pcwrun.exe,0x8664,x64,0,0,2,5.86,plain
system,perfmon.exe,0x14c,x86,0,0,1,6.24,plain
system,pnputil.exe,0x8664,x64,0,0,2,6.34,plain
system,poqexec.exe,0x8664,x64,0,0,2,6.25,plain
system,poqexec_e7fb0f1a.exe,0x14c,x86,0,0,1,6.67,plain
system,print.exe,0x14c,x86,0,0,1,5.70,plain
system,print_2206ce4b.exe,0x8664,x64,0,0,2,5.58,plain
system,provlaunch.exe,0x14c,x86,0,0,1,6.22,plain
system,rasautou.exe,0x8664,x64,0,0,2,5.92,plain
system,rasautou_68165265.exe,0x14c,x86,0,0,1,5.96,plain
system,raserver.exe,0x8664,x64,0,0,2,6.06,plain
system,rdrleakdiag.exe,0x8664,x64,0,0,2,6.13,plain
system,recover.exe,0x14c,x86,0,0,1,5.65,plain
system,reg.exe,0x8664,x64,0,0,2,6.21,plain
system,regedt32.exe,0x8664,x64,0,0,2,5.74,plain
system,regedt32_7738177a.exe,0x14c,x86,0,0,1,5.73,plain
system,regsvr32.exe,0x14c,x86,0,0,1,6.41,plain
system,regsvr32_c713ca1c.exe,0x8664,x64,0,0,2,6.14,plain
system,relog.exe,0x8664,x64,0,0,2,6.27,plain
system,relog_a41c5dc3.exe,0x14c,x86,0,0,1,6.35,plain
system,resmon.exe,0x8664,x64,0,0,2,5.67,plain
system,rgnupdt.exe,0x8664,x64,0,0,2,6.10,plain
system,rstrui.exe,0x8664,x64,0,0,2,6.26,plain
system,rundll32.exe,0x8664,x64,0,0,2,6.10,plain
system,runexehelper.exe,0x8664,x64,0,0,2,6.12,plain
system,runonce.exe,0x8664,x64,0,0,2,6.13,plain
system,sdiagnhost.exe,0x8664,x64,0,0,2,6.07,plain
system,sdiagnhost_a6e9c3f8.exe,0x14c,x86,0,0,1,6.21,plain
system,sessionmsg.exe,0x8664,x64,0,0,2,6.02,plain
system,setup16.exe,0x14c,x86,0,0,1,6.23,plain
system,setupcl.exe,0x8664,x64,0,0,1,5.76,plain
system,sigverif.exe,0x8664,x64,0,0,2,5.96,plain
system,snmptrap.exe,0x8664,x64,0,0,2,5.73,plain
system,sort.exe,0x14c,x86,0,0,1,6.31,plain
system,sppsvc.exe,0x8664,x64,0,0,6,7.21,packed_other
system,stordiag.exe,0x8664,x64,0,0,2,6.27,plain
system,subst.exe,0x8664,x64,0,0,2,5.64,plain
system,sudo.exe,0x8664,x64,0,0,1,6.17,plain
system,systeminfo.exe,0x14c,x86,0,0,1,6.09,plain
system,systray.exe,0x8664,x64,0,0,2,5.73,plain
system,takeown.exe,0x14c,x86,0,0,1,6.21,plain
system,timeout.exe,0x14c,x86,0,0,1,6.25,plain
system,tracerpt.exe,0x8664,x64,0,0,2,6.38,plain
system,ttdinject.exe,0x14c,x86,0,0,1,6.53,plain
system,typeperf.exe,0x14c,x86,0,0,1,6.33,plain
system,tzutil.exe,0x8664,x64,0,0,2,6.25,plain
system,tzutil_1341f06c.exe,0x14c,x86,0,0,1,6.28,plain
system,upnpcont.exe,0x8664,x64,0,0,2,6.12,plain
system,vbc.exe,0x8664,x64,0,0,1,6.36,plain
system,vds.exe,0x8664,x64,0,0,2,6.17,plain
system,vssadmin.exe,0x8664,x64,0,0,2,6.06,plain
system,vulkaninfo-1-999-0-0-0.exe,0x8664,x64,0,0,1,5.71,plain
system,vulkaninfo.exe,0x14c,x86,0,0,1,5.79,plain
system,wermgr.exe,0x14c,x86,0,0,1,6.48,plain
system,wextract.exe,0x8664,x64,0,0,2,6.15,plain
system,wiaacmgr.exe,0x14c,x86,0,0,1,6.19,plain
system,wiaacmgr_2d886cb4.exe,0x8664,x64,0,0,2,6.06,plain
system,wininit.exe,0x8664,x64,0,0,2,6.37,plain
system,wlanext.exe,0x8664,x64,0,0,2,6.23,plain
system,wowreg32.exe,0x8664,x64,0,0,2,5.98,plain
system,wowreg32_e7cb522b.exe,0x14c,x86,0,0,1,5.79,plain
system,wpr.exe,0x8664,x64,0,0,2,6.23,plain
system,wscadminui.exe,0x8664,x64,0,0,2,5.53,plain
system,wscript.exe,0x8664,x64,0,0,2,6.11,plain
system,wscript_2447bbda.exe,0x14c,x86,0,0,1,6.33,plain
system,wsmprovhost.exe,0x8664,x64,0,0,2,5.84,plain
system,wusa.exe,0x8664,x64,0,0,2,6.16,plain
system,wusa_03ca1617.exe,0x14c,x86,0,0,1,6.48,plain
system,xcopy.exe,0x8664,x64,0,0,2,5.71,plain
system,xgamecontrol.exe,0x8664,x64,0,0,1,6.36,plain
system,xwizard.exe,0x14c,x86,0,0,1,6.10,plain
