file,category,count,total_classified_opcodes_in_file
sample11.asm,data_transfer,7407,25440
sample11.asm,other,7028,25440
sample11.asm,control_flow,2953,25440
sample11.asm,arithmetic,2945,25440
sample11.asm,logic_bitwise,2259,25440
sample11.asm,flags,1340,25440
sample11.asm,string_ops,863,25440
sample11.asm,system,348,25440
sample11.asm,stack_frame,257,25440
sample11.asm,floating_point_simd,40,25440
sample14.asm,data_transfer,8059,26552
sample14.asm,other,7031,26552
sample14.asm,control_flow,3049,26552
sample14.asm,arithmetic,3042,26552
sample14.asm,logic_bitwise,2357,26552
sample14.asm,flags,1311,26552
sample14.asm,string_ops,1065,26552
sample14.asm,system,375,26552
sample14.asm,stack_frame,234,26552
sample14.asm,floating_point_simd,29,26552
sample7.asm,data_transfer,7462,25674
sample7.asm,other,6980,25674
sample7.asm,control_flow,3097,25674
sample7.asm,arithmetic,2861,25674
sample7.asm,logic_bitwise,2390,25674
sample7.asm,flags,1240,25674
sample7.asm,string_ops,1014,25674
sample7.asm,system,386,25674
sample7.asm,stack_frame,209,25674
sample7.asm,floating_point_simd,35,25674
sample10.asm,data_transfer,7698,26565
sample10.asm,other,7229,26565
sample10.asm,control_flow,3201,26565
sample10.asm,arithmetic,2966,26565
sample10.asm,logic_bitwise,2446,26565
sample10.asm,flags,1357,26565
sample10.asm,string_ops,995,26565
sample10.asm,system,397,26565
sample10.asm,stack_frame,241,26565
sample10.asm,floating_point_simd,35,26565
sample20.asm,data_transfer,1883,4425
sample20.asm,control_flow,926,4425
sample20.asm,logic_bitwise,674,4425
sample20.asm,other,558,4425
sample20.asm,arithmetic,341,4425
sample20.asm,string_ops,18,4425
sample20.asm,flags,15,4425
sample20.asm,stack_frame,5,4425
sample20.asm,system,5,4425
sample12.asm,data_transfer,8060,26548
sample12.asm,other,7026,26548
sample12.asm,control_flow,3047,26548
sample12.asm,arithmetic,3041,26548
sample12.asm,logic_bitwise,2360,26548
sample12.asm,flags,1311,26548
sample12.asm,string_ops,1065,26548
sample12.asm,system,375,26548
sample12.asm,stack_frame,234,26548
sample12.asm,floating_point_simd,29,26548
sample16.asm,data_transfer,7753,26739
sample16.asm,other,7292,26739
sample16.asm,control_flow,3217,26739
sample16.asm,arithmetic,2958,26739
sample16.asm,logic_bitwise,2519,26739
sample16.asm,flags,1291,26739
sample16.asm,string_ops,1046,26739
sample16.asm,system,407,26739
sample16.asm,stack_frame,220,26739
sample16.asm,floating_point_simd,36,26739
sample6.asm,data_transfer,7754,26734
sample6.asm,other,7289,26734
sample6.asm,control_flow,3215,26734
sample6.asm,arithmetic,2958,26734
sample6.asm,logic_bitwise,2518,26734
sample6.asm,flags,1292,26734
sample6.asm,string_ops,1046,26734
sample6.asm,system,407,26734
sample6.asm,stack_frame,219,26734
sample6.asm,floating_point_simd,36,26734
sample5.asm,data_transfer,7511,25423
sample5.asm,other,6859,25423
sample5.asm,arithmetic,2997,25423
sample5.asm,control_flow,2889,25423
sample5.asm,logic_bitwise,2240,25423
sample5.asm,flags,1322,25423
sample5.asm,string_ops,968,25423
sample5.asm,system,373,25423
sample5.asm,stack_frame,228,25423
sample5.asm,floating_point_simd,36,25423
sample1.asm,data_transfer,7511,25417
sample1.asm,other,6856,25417
sample1.asm,arithmetic,2993,25417
sample1.asm,control_flow,2889,25417
sample1.asm,logic_bitwise,2238,25417
sample1.asm,flags,1324,25417
sample1.asm,string_ops,968,25417
sample1.asm,system,374,25417
sample1.asm,stack_frame,228,25417
sample1.asm,floating_point_simd,36,25417
sample2.asm,data_transfer,7507,25407
sample2.asm,other,6854,25407
sample2.asm,arithmetic,2992,25407
sample2.asm,control_flow,2889,25407
sample2.asm,logic_bitwise,2239,25407
sample2.asm,flags,1322,25407
sample2.asm,string_ops,967,25407
sample2.asm,system,373,25407
sample2.asm,stack_frame,228,25407
sample2.asm,floating_point_simd,36,25407
sample13.asm,data_transfer,8117,26806
sample13.asm,other,7158,26806
sample13.asm,control_flow,3131,26806
sample13.asm,arithmetic,3035,26806
sample13.asm,logic_bitwise,2310,26806
sample13.asm,flags,1380,26806
sample13.asm,string_ops,1042,26806
sample13.asm,system,360,26806
sample13.asm,stack_frame,233,26806
sample13.asm,floating_point_simd,40,26806
sample19.asm,data_transfer,1883,4425
sample19.asm,control_flow,926,4425
sample19.asm,logic_bitwise,674,4425
sample19.asm,other,558,4425
sample19.asm,arithmetic,341,4425
sample19.asm,string_ops,18,4425
sample19.asm,flags,15,4425
sample19.asm,stack_frame,5,4425
sample19.asm,system,5,4425
sample18.asm,data_transfer,8119,26808
sample18.asm,other,7157,26808
sample18.asm,control_flow,3131,26808
sample18.asm,arithmetic,3037,26808
sample18.asm,logic_bitwise,2309,26808
sample18.asm,flags,1380,26808
sample18.asm,string_ops,1042,26808
sample18.asm,system,360,26808
sample18.asm,stack_frame,233,26808
sample18.asm,floating_point_simd,40,26808
sample8.asm,data_transfer,8062,26552
sample8.asm,other,7029,26552
sample8.asm,control_flow,3046,26552
sample8.asm,arithmetic,3042,26552
sample8.asm,logic_bitwise,2359,26552
sample8.asm,flags,1311,26552
sample8.asm,string_ops,1065,26552
sample8.asm,system,375,26552
sample8.asm,stack_frame,234,26552
sample8.asm,floating_point_simd,29,26552
sample3.asm,data_transfer,7289,25324
sample3.asm,other,6904,25324
sample3.asm,arithmetic,2904,25324
sample3.asm,control_flow,2892,25324
sample3.asm,logic_bitwise,2424,25324
sample3.asm,flags,1304,25324
sample3.asm,string_ops,944,25324
sample3.asm,system,381,25324
sample3.asm,stack_frame,237,25324
sample3.asm,floating_point_simd,45,25324
sample17.asm,data_transfer,8127,26827
sample17.asm,other,7162,26827
sample17.asm,control_flow,3132,26827
sample17.asm,arithmetic,3038,26827
sample17.asm,logic_bitwise,2313,26827
sample17.asm,flags,1380,26827
sample17.asm,string_ops,1042,26827
sample17.asm,system,360,26827
sample17.asm,stack_frame,233,26827
sample17.asm,floating_point_simd,40,26827
sample15.asm,data_transfer,7801,25601
sample15.asm,other,6777,25601
sample15.asm,control_flow,3018,25601
sample15.asm,arithmetic,2868,25601
sample15.asm,logic_bitwise,2221,25601
sample15.asm,flags,1318,25601
sample15.asm,string_ops,993,25601
sample15.asm,system,347,25601
sample15.asm,stack_frame,221,25601
sample15.asm,floating_point_simd,37,25601
sample9.asm,data_transfer,7509,25413
sample9.asm,other,6854,25413
sample9.asm,arithmetic,2996,25413
sample9.asm,control_flow,2889,25413
sample9.asm,logic_bitwise,2239,25413
sample9.asm,flags,1322,25413
sample9.asm,string_ops,967,25413
sample9.asm,system,373,25413
sample9.asm,stack_frame,228,25413
sample9.asm,floating_point_simd,36,25413
sample4.asm,data_transfer,7460,25665
sample4.asm,other,6977,25665
sample4.asm,control_flow,3096,25665
sample4.asm,arithmetic,2860,25665
sample4.asm,logic_bitwise,2389,25665
sample4.asm,flags,1239,25665
sample4.asm,string_ops,1014,25665
sample4.asm,system,386,25665
sample4.asm,stack_frame,209,25665
sample4.asm,floating_point_simd,35,25665
