opcode,count
push,61067
mov,30565
pop,25219
xchg,18972
inc,18119
call,14067
cmp,12739
decl,10594
sbb,10569
xor,10545
sub,10539
and,10086
or,9774
test,9390
out,9310
in,8887
ret,5020
scas,4718
lret,4552
stos,4481
lods,4353
popa,2766
jne,2713
xlat,2628
jmp,2565
je,2555
int3,2492
jb,2464
jnp,2439
loope,2434
movsb,2426
jle,2393
ja,2391
aam,2366
int1,2351
cltd,2344
jg,2328
pushf,2319
outsb,2314
hlt,2308
jns,2279
pusha,2276
cli,2271
loop,2271
loopne,2270
jno,2263
into,2247
jp,2244
cwtl,2238
nop,2233
jbe,2227
insl,2227
jl,2226
cld,2216
jecxz,2215
cmpsl,2210
stc,2208
int,2205
sahf,2201
jo,2193
movsl,2183
jae,2180
cmpsb,2145
iret,2136
cmc,2134
jge,2130
outsl,2125
std,2118
enter,2113
clc,2106
sti,2087
popf,2083
aas,2076
js,2071
lea,2066
fwait,2032
lahf,2031
leave,2023
insb,2004
das,1967
lock,1767
repnz,1684
arpl,1661
imul,1640
repz,1621
gs,1515
ss,1399
addr16,1390
fs,1379
cs,1313
es,1247
ds,1124
bound,1067
data16,1020
les,999
lds,990
shl,812
shll,732
shlb,725
shr,529
rcr,476
rclb,474
ror,442
rol,426
rcrl,425
rorb,423
rolb,420
sarl,419
roll,410
rorl,406
rcl,394
sar,391
cmpl,389
shrb,378
shrl,370
rcrb,356
cmpb,338
rcll,337
sarb,304
orb,270
sbbb,258
xorb,252
testb,237
fiadds,233
addl,233
incl,228
andb,228
subb,225
fidivrs,223
ficomps,217
ljmp,204
fsubrl,202
orl,200
faddl,199
bnd,196
fldl,189
fcoml,189
div,188
fisubs,188
fimuls,185
lcall,182
fists,179
fimull,169
movb,164
fildll,163
fstpt,162
andl,160
flds,159
not,157
fnstsw,155
fisubrs,155
fstpl,155
neg,153
filds,151
fistpll,151
fsubl,151
fisttpll,151
fdivrl,149
fdiv,148
fcomps,148
fbld,148
fnstcw,147
fnstenv,147
subl,146
fnsave,146
fistps,145
fbstp,145
notl,144
fidivs,144
fsubr,143
fldcw,143
fstps,143
fcompl,143
fstl,142
fldenv,141
idiv,141
mull,140
fldt,139
fmuls,138
divl,138
fidivl,138
fistl,136
incb,135
ficoms,135
idivb,134
fsub,134
fdivl,133
negl,131
fcoms,131
fmull,131
fisttps,128
fmul,128
xorl,127
mul,127
idivl,126
fsubrs,126
fisubrl,126
adcl,125
ficoml,125
fisttpl,125
fdivr,124
fiaddl,123
notb,123
imull,122
fsubrp,122
fisubl,122
negb,120
fadds,118
fistpl,113
fdivp,110
fsubs,110
fdivs,110
fsts,105
divb,104
fidivrl,104
fmulp,102
imulb,101
fdivrs,101
fildl,100
ficompl,99
frstor,99
fucomip,96
mulb,96
fucomi,88
fsubp,84
fucom,83
fcom,82
fcomi,81
fcmovnb,81
fdivrp,79
fcmovu,79
sbbl,79
fcmovnu,77
fst,77
faddp,76
fcmovbe,75
movzbl,70
fcomp,68
ffree,66
fld,63
sldt,61
rep,60
fstp,56
fcmove,56
fcmovne,56
fcomip,56
bswap,50
movzwl,50
ffreep,49
xabort,49
fucomp,48
fcmovnbe,45
pushw,42
fxch,42
fcmovb,41
popw,34
psraw,29
fldl2e,29
retw,29
fsqrt,23
btr,22
pmuludq,21
disassembly,20
cmova,20
setb,19
clts,19
fchs,19
fcos,19
fldz,18
psrlq,18
cvtpi2ps,17
wbinvd,17
bt,17
sysret,16
fninit,16
setl,16
ucomiss,14
pcmpeqw,14
movups,14
callw,13
xadd,13
rdmsr,13
fnclex,13
movnti,13
psubb,13
pmaddwd,13
xrelease,12
fld1,12
xacquire,12
lsl,12
leavew,12
pmaxsw,12
punpckhdq,12
popaw,12
pand,12
movsw,11
cmovg,11
pushfw,11
punpckhwd,11
cvtps2pi,11
fxtract,10
cmovne,10
cmovns,10
fscale,10
lretw,10
vmwrite,9
paddq,9
cmovnp,9
insw,9
movhps,9
pinsrw,9
xorps,9
movntps,9
rdpmc,9
nopl,9
psubsw,9
pmaxub,9
cmpxchg,9
bts,9
sysexit,9
subps,9
fucompp,9
bsf,9
sete,9
movd,9
btc,8
outsw,8
addps,8
fdecstp,8
setg,8
str,8
pcmpeqb,8
paddusb,8
setae,8
cmpsw,8
paddb,8
pslld,8
fldl2t,7
seta,7
punpckhbw,7
fldlg2,7
loopw,7
cmove,7
bndldx,7
cmpps,7
cvttps2pi,7
psadbw,7
cbtw,7
pxor,7
shrd,7
jmpw,7
vsubss,6
paddd,6
psllq,6
lfs,6
f2xm1,6
cwtd,6
andps,6
cmovl,6
ud0,6
shld,6
cmovno,6
fyl2xp1,6
fcompp,6
getsec,6
cmovp,6
fnop,6
movsbl,6
andnps,6
rsm,5
sqrtps,5
femms,5
paddw,5
verr,5
sets,5
fsin,5
movmskps,5
fprem1,5
vmread,5
psrlw,5
unpcklps,5
movlps,5
pcmpeqd,5
setnp,5
ud1,5
psubq,5
divps,5
orps,5
psubusb,5
lgs,5
wrmsr,5
maxps,5
paddsw,5
pmovmskb,5
maskmovq,4
ftst,4
fldpi,4
cmovs,4
rcpps,4
movq,4
jcxz,4
prefetch,4
cmovo,4
psubd,4
por,4
sgdtl,4
unpckhps,4
setbe,4
pminub,4
vpmaxub,4
lss,4
movaps,4
prefetcht0,4
verw,4
cmovbe,4
fprem,4
divw,4
cvtps2pd,4
syscall,4
popfw,4
cmovb,4
rolw,4
setns,4
lar,4
vdivss,4
rdtsc,4
bndstx,4
movswl,4
vpsrld,4
pshufb,4
pminsw,4
vmovhlps,4
shlw,4
psrad,4
fldln2,4
bsr,4
vpavgb,4
vmulss,4
rsqrtps,4
vmovss,4
vaddss,4
pushaw,4
invd,3
setne,3
movhlps,3
fxam,3
montmul,3
vpunpckhqdq,3
sbbw,3
lidtl,3
mulps,3
setno,3
comiss,3
sysenter,3
emms,3
ud2,3
cmovae,2
pavgw,2
cpuid,2
pcmpgtw,2
pavgb,2
packsswb,2
frndint,2
sample2,2
sample1,2
decw,2
psllw,2
kandw,2
fabs,2
sample11,1
punpckldq,1
pandn,1
vaddpd,1
psubsb,1
setge,1
pmulhuw,1
vpsubusw,1
packuswb,1
cmovle,1
sample14,1
sample7,1
sample10,1
paddusw,1
cvtdq2ps,1
punpcklbw,1
pmullw,1
vdivps,1
iretw,1
loopnew,1
pmulhw,1
pcmpgtd,1
fpatan,1
knotw,1
punpcklwd,1
sample12,1
sample16,1
sample6,1
sample5,1
sample13,1
sample18,1
sample8,1
sample3,1
kandb,1
loopew,1
pextrw,1
movntq,1
lddqu,1
fxsave,1
xorw,1
pause,1
lldt,1
rorw,1
sample17,1
sample15,1
sample9,1
sample4,1
