seed,file,arch,family,y_true,y_pred,score_ransomware
4,goodware_balanced__everyday__0263cba73432578b2f5cef90815f374f78b34b6ceda9fd3f22343316803cdb98,x86,everyday,0,1,0.8762113451957703
4,goodware_balanced__hard_negative__04e86e1a3db487ce85091448b0a4c6ef3a3bb4e9da2032f0e8f5fdcab28d3ea7,x86,hard_negative,0,1,0.8333246111869812
4,goodware_balanced__hard_negative__083f482c8656c86932c28906445cb3c10c0c5ee649a90ff3e0080ee4447d3dfc,x64,hard_negative,0,0,0.13072869181632996
4,goodware_balanced__hard_negative__0860ffe3366164e90d32b6c6e743e59bae2817467741a7b525cb0d148e8e7824,x64,hard_negative,0,0,0.3023911118507385
4,goodware_balanced__hard_negative__090968d0d9c386924a2838c484855595890da9879544c7d8b4b201f9756712c6,x86,hard_negative,0,1,0.8464508652687073
4,goodware_balanced__everyday__09c3d09c9ba126cc8f1831b93f1de3ed11907788597822483d2eb7f7f01064ca,x64,everyday,0,0,0.1233656108379364
4,goodware_balanced__everyday__0ed017e60f9808f497fe61aa1df92d7bd8daf28556fab4e6853aa3cc3d456348,x64,everyday,0,0,0.1431877166032791
4,goodware_balanced__everyday__12222b0908eb69581985f7e04aa6240e928fb08aa5a3ec36acae3440633c9eb1,x86,everyday,0,0,0.23899394273757935
4,goodware_balanced__system__129027ad497609547ead4467f43f09a974d8ff9bd44cd116935ca019bc14f204,x64,system,0,0,0.11436852067708969
4,goodware_balanced__system__158598ed3d590937c964b43dd91546ffcabab5636b6ce619b4ffc43224013bb6,x64,system,0,0,0.21535073220729828
4,goodware_balanced__everyday__190132c6ce0665d3a117907e4d4431a34ea7e76d305d5870b0e52f2e4587d9e4,x64,everyday,0,0,0.12635333836078644
4,goodware_balanced__everyday__1e57a6df9e3742e31a1c6d9bff81ebeeae8a7de3b45a26e5079d5e1cce54cd98,x64,everyday,0,0,0.11716748028993607
4,goodware_balanced__system__1f1aabe87e5e93a8fff769bf3614dd559c51c80fc045e11868f3843d9a004d1e,x64,system,0,0,0.24508501589298248
4,goodware_balanced__everyday__1f3553e3eac3ff99ab01b01f3285ae2353c14c666557d46b17191ba3a4872e90,x86,everyday,0,1,0.8499711751937866
4,goodware_balanced__hard_negative__2222f8f65af66a89581a2ebf875c5a37df322856f9ffdd3c72ffd6a115db4fdd,x86,hard_negative,0,1,0.83601975440979
4,goodware_balanced__everyday__22518dcdbb297a4c9173f924a15c79b920e645a78312d7aeb5fb0a4660a79ae7,x64,everyday,0,0,0.12896330654621124
4,goodware_balanced__system__2447bbda9b3be251d1f758ab8dff66cde6d7a268d21d7fa36b6606b986ea9bd8,x86,system,0,0,0.40820303559303284
4,goodware_balanced__everyday__285675320a75869ed6918e96f5b6390167ccc1c6a947ff937dd4ca1c96b1b36f,x64,everyday,0,0,0.11920291930437088
4,goodware_balanced__everyday__2ef930cac265a2d8cb890c37df2df781354bd3662c3d183f934e8050fb96c655,x64,everyday,0,0,0.1200256273150444
4,goodware_balanced__hard_negative__2fd19749560be03020026f2d842b69af47f0ea2c7946bda17eed26a4a9235695,x86,hard_negative,0,0,0.11879339814186096
4,goodware_balanced__hard_negative__307a306fd3c2e1beab674d0b60fc8b6a74f0d0d7cf9db02201f03328bf1a25f0,x64,hard_negative,0,0,0.11716748028993607
4,goodware_balanced__everyday__31f65b7afe91e23ae88d8229fd54c5eb494ffd4594bdc3d6a91d2d69892b284b,x64,everyday,0,0,0.12635333836078644
4,goodware_balanced__everyday__33de99eeda0f06f4b4ad43a1fd23977343e1358f5dbb4b0d5e1b84850dc18afc,x86,everyday,0,1,0.8918110132217407
4,goodware_balanced__everyday__33ffac602d229368719c176661ed635b52208798e854b593e84f307fef6f7d3a,x86,everyday,0,1,0.8940516710281372
4,goodware_balanced__system__34632199cba973245b1fb6bcd3b4d3ccee54fd3081f3c5577156740e065d1825,x64,system,0,0,0.12635333836078644
4,goodware_balanced__system__35a800867169a05f1a883ccb324f1eba36481ca3b39865d24ee30eec14048b06,x64,system,0,0,0.21076630055904388
4,goodware_balanced__system__3cfdb1f4f6538d1d65f749ea2d863a205eb26140375fb104a1f68d1402254195,x64,system,0,0,0.1208532303571701
4,goodware_balanced__everyday__3e2399ae5ce16dd69f7e2c71d928cf54a1024afced8155f1fd663a3e123d9226,x86,everyday,0,1,0.8459424376487732
4,goodware_balanced__everyday__4011748ddf472b7e856d909fdfb4e9b19c3d23fcd8121039ac91f99d5ffa65db,x64,everyday,0,0,0.12378869205713272
4,goodware_balanced__everyday__42943ab7129ee1fc42a572fecd59828ef014a55993786c0d9e4d381656c34cb4,x64,everyday,0,0,0.12721827626228333
4,goodware_balanced__hard_negative__47e9ba7108104566202e24482f0d637f15165decb243c1af2be8b4d633d81e2d,x64,hard_negative,0,0,0.1200256273150444
4,goodware_balanced__everyday__484be0aafa5ae3d5759427594e405fb70beb7c78dc8e576bcc70067c30d619cc,x64,everyday,0,0,0.11920291930437088
4,goodware_balanced__everyday__4bee05aa0637468a19cd82490858fc69e93fce8d22c0aeb272a76b71f0dc93e9,x86,everyday,0,1,0.8887587189674377
4,goodware_balanced__system__4e5a87527feb441b55fa1f14239b1ece6ede888e26eaa9757340244dd9f9f05d,x64,system,0,0,0.15662017464637756
4,goodware_balanced__hard_negative__515f7582a9651980783e36663a97655903f7722279ac00070b8de7e8e374fb86,x86,hard_negative,0,0,0.2743513584136963
4,goodware_balanced__everyday__52107346540fbe5486ffa10671bff95f5dcdb4bcc191c6d631b2d7e373a4413f,x64,everyday,0,0,0.1259227693080902
4,goodware_balanced__system__5a34165ce09e53208894caa24aca649ef38a7e2d48a8c24b1fcb3b06a9a4b45e,x64,system,0,0,0.12252321094274521
4,goodware_balanced__hard_negative__5b096261d79b67945b0070030e0e4ac7f276e0641f3a52cf72ace038d77d4371,x64,hard_negative,0,0,0.12252321094274521
4,goodware_balanced__hard_negative__5b4c71b22e76e6837f9b089dd14d338ebaf2315e10cf012bc830d9b6b5878c4a,x86,hard_negative,0,0,0.11920291930437088
4,goodware_balanced__everyday__5e6475288a07b405eee20726f43d7720556e6b30cc11f38e5465e6464fc0f0a3,x64,everyday,0,0,0.11676400899887085
4,goodware_balanced__everyday__6176aa454376cd4efc52e78a6d10d5013bb901476e5b68e93b30344b7bf18f86,x86,everyday,0,1,0.7549149990081787
4,goodware_balanced__everyday__623de362fe5a1a3a95203730b4815fd8c736d8de8d5605a90d324881f72b7c02,x86,everyday,0,1,0.8940516710281372
4,goodware_balanced__hard_negative__65e064258f2e418816b304f646ff9e87af101e4c9552ab064bb74d281c38659f,x86,hard_negative,0,0,0.22337706387043
4,goodware_balanced__hard_negative__69fd4df057985c40e510e2fac182881c7f85e90aa13ec703f763a8fdb2ce61f8,x64,hard_negative,0,0,0.12252321094274521
4,goodware_balanced__everyday__6b7e36c089194347be1bea5fea08dc97316f2181e40427e7e2867ad7ba3906a0,x64,everyday,0,0,0.11797802150249481
4,goodware_balanced__everyday__6d3a6cde6fc4d3c79aabf785c04d2736a3e2fd9b0366c9b741f054a13ecd939e,x64,everyday,0,1,0.8333246111869812
4,goodware_balanced__hard_negative__6d52c2ecd443c0b9c2b2bd0e9519d03f90e28d111e45446b82be35969f2355e1,x64,hard_negative,0,0,0.11879339814186096
4,goodware_balanced__system__6e0c149bc99ad5d6e552804eb1f9aec42b7da0a3c697aed37d28510ef79ca7e0,x64,system,0,0,0.11716748028993607
4,goodware_balanced__everyday__72ffe8859eaa63637f5a62b7c454241db35938f8326f6ccf20352e00f8df2fe5,x86,everyday,0,1,0.8910549879074097
4,goodware_balanced__system__73afc81967dac2d589ea014c208a21efc36f7b165cb461c20fd0851ca72df156,x64,system,0,0,0.14854055643081665
4,goodware_balanced__everyday__73e75f5790a76c42e71db5b58e34086a3e9b224aa69669f76d41ff20e4167954,x64,everyday,0,0,0.1259227693080902
4,goodware_balanced__hard_negative__7676e19080022665aa82dfca66015c3c795ee734e42549869c8aace768619c47,x64,hard_negative,0,0,0.1233656108379364
4,goodware_balanced__system__7738177a27de32f7840223a2536ccfc1f3a28f6379a4d1412208fbe7539f49d6,x86,system,0,0,0.14128142595291138
4,goodware_balanced__system__78c7acf16e9b597c3282f1bfaea9bd4fda6a1c05f39f50141b77516ab579bc60,x86,system,0,0,0.12463856488466263
4,goodware_balanced__system__791f4441b2418c3bec6ead4fc43aae08fdf701ce045aa6e5ad56a1fcdc241017,x64,system,0,0,0.16559311747550964
4,goodware_balanced__everyday__7d3654531c32d941b8cae81c4137fc542172bfa9635f169cb392f245a0a12bcb,x86,everyday,0,1,0.8910549879074097
4,goodware_balanced__everyday__7fa6bd73d7ba4dcb77c269140a1dcb41c60dd37aaae646e56f9a8e29f94245f2,x64,everyday,0,0,0.11879339814186096
4,goodware_balanced__system__7fc56bdee78ed9d82ce40ee6493cf5d62f010b761bf3e494c913dc93da9aca57,x86,system,0,0,0.12635333836078644
4,goodware_balanced__everyday__812329369de17fc76c802b0f6b60dc0c1c955cf13673f815d79f3b4ca2dd3e93,x86,everyday,0,1,0.8499711751937866
4,goodware_balanced__hard_negative__817590846acc27efff227395ea1dcd83bd6bd80bf31d211ce791557c6c959fe0,x64,hard_negative,0,0,0.11757213622331619
4,goodware_balanced__hard_negative__83967f1b02b43c4efeda302795722c809e0e81b8307de73558d10484d5676a7d,x64,hard_negative,0,0,0.11879339814186096
4,goodware_balanced__everyday__852833f138f403a36508be7ef2c23d35ea495a1af538431a325e7e70c8559924,x86,everyday,0,0,0.1325145661830902
4,goodware_balanced__system__863e91ccc957d0614ec5c609cfbc0e3b7d19f3f17688619a84843a28d887fece,x64,system,0,0,0.1672186702489853
4,goodware_balanced__everyday__865a915f0316e8cda6978ac2275931bc6c1efa427b8f89923dadc40ad7308f5c,x64,everyday,0,0,0.11797802150249481
4,goodware_balanced__system__871a0bbb99ccc2d80d2b5b762fead35c0fb61529784d30c3a205be88fb7bbbea,x86,system,0,0,0.12808823585510254
4,goodware_balanced__system__8b1128e18107ce39e27a90669dc33e538485fb02f5d39877b184c5f2e60b2298,x86,system,0,0,0.27318641543388367
4,goodware_balanced__everyday__8c579cb72ee8a2c2a4996f96d8a513ce8ce0e7607786866499f0099ac446754b,x64,everyday,0,0,0.1276526302099228
4,goodware_balanced__everyday__8d3bd71754d3d76621b1e0f04014214b047222d236a61420921ea53c555d5cdd,x64,everyday,0,0,0.1352320909500122
4,goodware_balanced__system__90b7e193fc11a7f8d2dc6867a92b8b310503c376cf93bef4c51a53320cfc584d,x86,system,0,0,0.1196136623620987
4,goodware_balanced__everyday__90ed0bed4c4ad50d2ad75e96f3cf4c6613c0f8fac8f99778faff4ce72be970d6,x64,everyday,0,0,0.1196136623620987
4,goodware_balanced__everyday__91a484dc79be64dd11bf5acb62c893e57505fcd8809483aa92b04f10d81f9de0,x86,everyday,0,0,0.30611202120780945
4,goodware_balanced__system__96b99e7378209e46ca404fe3daa075c585b1810deab1711f11e1b1212b883227,x86,system,0,0,0.1259227693080902
4,goodware_balanced__hard_negative__97b03baa795862300ecbaf12136147e9c4d77cb4e774083285da2d76a223ade8,x64,hard_negative,0,0,0.12252321094274521
4,goodware_balanced__everyday__97f079606941a114890726485333a5097cda092adb13aca6cb25ce4de644ca87,x64,everyday,0,0,0.11716748028993607
4,goodware_balanced__everyday__9e4bd95d7cbb8d43d9d52c4d996236e4fb6d722e11bb526bbc498f81abfb5eb2,x64,everyday,0,0,0.1212688684463501
4,goodware_balanced__everyday__a06c9ea4f815dac75d2c99684d433fbfc782010fae887837a03f085a29a217e8,x64,everyday,0,0,0.12984342873096466
4,goodware_balanced__everyday__a0a1eae58ab10d67e1981fc216151c81f01a62791065f51c15c2d0cabb21d42e,x64,everyday,0,0,0.11476478725671768
4,goodware_balanced__hard_negative__a371980f5893f4ecf3b06b6cde388dc9c6ac2d311b7b5708d61eafa84c5c0b41,x64,hard_negative,0,0,0.11879339814186096
4,goodware_balanced__system__a41c5dc3a3f545e988039522bb355f0f0633ee6c8b128dbdf67b47874340ecd0,x86,system,0,1,0.7813306450843811
4,goodware_balanced__everyday__a45bba2264e2fa72279b3cd3a3e7a04145ea1067c10f7af8325c01b010247e2d,x86,everyday,0,1,0.8778960704803467
4,goodware_balanced__everyday__a7eadf0436b0b44ce94babb90ff0a75ca5db414412cbb0e7849f2ddac2541142,x86,everyday,0,1,0.8727816939353943
4,goodware_balanced__everyday__a957d7b7bd5919f9149278ced30472e8a8641de3bf79e102f3952c82714df8d6,x64,everyday,0,0,0.12252321094274521
4,goodware_balanced__hard_negative__aa9ec502e20b927d236e19036b40a5da5ddd4ae030553a6608f821becd646efb,x86,hard_negative,0,1,0.783326268196106
4,goodware_balanced__hard_negative__ab8247ca4554871e5d75c0ee118ee8663727bd6fdf37ad76b17e9cc8d5f286a8,x64,hard_negative,0,0,0.11716748028993607
4,goodware_balanced__everyday__b0138ef6a432552dbf99231ac204e31eceb0c4573ffbcfa314b11e81ceacf1f0,x64,everyday,0,0,0.13386750221252441
4,goodware_balanced__everyday__b45154a2eced1a04980978862fa2ca69c147c1fa3ec5d0c242c05e49635c8509,x86,everyday,0,0,0.4650837779045105
4,goodware_balanced__everyday__b4a0a7c30de391e68ff85ef67dc37de3eebce3621587996d9bd4202d4ca992ef,x64,everyday,0,0,0.11920291930437088
4,goodware_balanced__hard_negative__b6d2aff18ed89e5b1ddb13e3592e44d558d1d03ecc811eda2eb113fc1fb340ea,x64,hard_negative,0,0,0.12463856488466263
4,goodware_balanced__everyday__ba8cc06d72db250d1a622d2dcc01d8add41c4db9e42e65e0a74e922ea5a1747d,x64,everyday,0,0,0.11757213622331619
4,goodware_balanced__everyday__bb6ce83ddaad4f530a66a1048fac868dfc3b86f5e7b8e240d84d1633e385aee8,x86,everyday,0,0,0.14608724415302277
4,goodware_balanced__everyday__bc457cfb2748cf7d32c64f6b8811013a5188d7b7e5fed0816c0382ce419903cb,x64,everyday,0,0,0.13568954169750214
4,goodware_balanced__system__be21cc87cd36ef8b88d738cd227270c0355ba93e2e4eff72e9fbf1d5c50de348,x64,system,0,0,0.1716158092021942
4,goodware_balanced__hard_negative__bfab0d98dbaaa2263a6906fbda266b4b8d410a4c0d1b0e1d18c66b7c26bea2d1,x64,hard_negative,0,0,0.12808823585510254
4,goodware_balanced__everyday__c0dfbac7ad106fd37aa66770e681354b199666119c52ef5065c256839adaed0f,x64,everyday,0,0,0.12808823585510254
4,goodware_balanced__everyday__c121acb390f5407a32f23504bf60b14b74af26f56329262a0a82d941dd0981c0,x64,everyday,0,0,0.11636176705360413
4,goodware_balanced__everyday__c602c44a4d4088dbf5a659f36ba1c3a9d81f8367577de0cb940c0b8afee5c376,x86,everyday,0,1,0.8563323616981506
4,goodware_balanced__everyday__c8884857e8c603de6d4590f8e3c71c45c3c9a5ddb29b143ec47963724c901e94,x86,everyday,0,0,0.15765489637851715
4,goodware_balanced__system__ca692f9c3d22fac77a84d1155ae4b757664cc50386310c59a6d827ee5b58cca1,x64,system,0,0,0.17838266491889954
4,goodware_balanced__hard_negative__ca72e89bd0b687479dca056cd9ced948080fba267c06f59425372f41fd0943ed,x64,hard_negative,0,0,0.14511536061763763
4,goodware_balanced__everyday__cbc62eb9c44a0efe2dd9af04230c6345da66dcc120dafa707d93ad3ca21540e7,x64,everyday,0,0,0.13986563682556152
4,goodware_balanced__everyday__cdad24fa1d83debbc1be96e2307c13d6fc32817b54c236a297036d4f80d043be,x86,everyday,0,1,0.8762113451957703
4,goodware_balanced__everyday__ce177dc8cf42513ff819c7b8597c7be290f9e98632a34ecd868dc76003421f0d,x86,everyday,0,1,0.5461935997009277
4,goodware_balanced__system__d198bb10ac0ce2d0b5ebbb882c159ad63cfec66cf62a47dc7af691287243cf27,x86,system,0,0,0.14414885640144348
4,goodware_balanced__system__d332ad3f1ce8478725bd0b9fa4a6e9e5d6b67f4f4aefc88b95707aff98d795e2,x86,system,0,0,0.12896330654621124
4,goodware_balanced__everyday__d350b89be8623f169bea3665842a081c6cd197713faf786e339bb0fb64003b77,x86,everyday,0,0,0.45810624957084656
4,goodware_balanced__everyday__d39735ec3be1bf6c86de02f022f37e07de4c301124a8e4dbf5683b6ebd8d9e34,x64,everyday,0,0,0.12678517401218414
4,goodware_balanced__system__d868f8a6c8f204e98adb95f5687a943e2ce8aed697c875116c7db223a198bab7,x64,system,0,0,0.24762336909770966
4,goodware_balanced__everyday__da71c950bb1f44d090f6a5fd12434c3785aca94d7fc8cf7f6cbbd2de7ea531c7,x86,everyday,0,1,0.8349459171295166
4,goodware_balanced__everyday__db5095a244a93b051fad18dc12269b8161a9e319a3d3d638d2b6326fa0d6ecd2,x64,everyday,0,0,0.11920291930437088
4,goodware_balanced__everyday__dd7eeb3dd57a4e0262634b7023507325947e789b2ec06ec6006ecf4c62074837,x64,everyday,0,0,0.12294380366802216
4,goodware_balanced__everyday__dde04e5f52072112562e46402b396685b34d18c8a81fef98d4d175f9da712d83,x64,everyday,0,0,0.11797802150249481
4,goodware_balanced__hard_negative__e15afdb6eddab05b3ff71a8d9683c0e4faf07467705a38441c5a317cbe75b14b,x64,hard_negative,0,0,0.11838509887456894
4,goodware_balanced__everyday__e492d5af6e53aaea3f3b4af095aba68e9cd3b0c06ceb470468ea18546624c375,x64,everyday,0,0,0.12896330654621124
4,goodware_balanced__everyday__eb1215ad89c84666ab3888b3b7e52f4378dc73ef4ed3c385fe711866f51cdc36,x64,everyday,0,0,0.1325145661830902
4,goodware_balanced__system__eb7a64288c8301b56c01e5c1390d4f2ca61daed8ad52a407476b026cbac63b7f,x64,system,0,0,0.12421300262212753
4,goodware_balanced__hard_negative__ebc4f14a05deb7443a2ca3c8c379b6ae1b0f1a3fe193e00f51e10da6bb3adf3a,x64,hard_negative,0,0,0.11797802150249481
4,goodware_balanced__everyday__ed04a4823f221e9197b8f3c3da1d6859ff5b176185bde2f1c923a442516c810a,x86,everyday,0,1,0.8719117641448975
4,goodware_balanced__everyday__ed15d49c2d32321d8a05c98acc1862536b854f57c0470382fe8a78f06b606f10,x86,everyday,0,1,0.6531268954277039
4,goodware_balanced__everyday__edc6f1ae481ee6b19aa53cc9d7493e5ef0dc3fdc8decc6b9c3efa0d13ee2225a,x64,everyday,0,1,0.6697448492050171
4,goodware_balanced__everyday__eef1491ff437a4de2c96a96f1b8e73755b15e4f5afffbb00994a82a2e0b3a713,x64,everyday,0,0,0.15456733107566833
4,goodware_balanced__hard_negative__ef396128da91efdb75e917588e1745f384f010f56d559b24ceee3544d205dea5,x64,hard_negative,0,0,0.1259227693080902
4,goodware_balanced__everyday__f3acd1286c88599201f07df8d6caf7f20aa7fe8623a0f852bf19f273c44473d5,x64,everyday,0,0,0.11920291930437088
4,goodware_balanced__hard_negative__f4205eebaa398e7e20313fcf0d93ee1bde73d973d548067063a6bdb5972358c1,x64,hard_negative,0,0,0.12294380366802216
4,goodware_balanced__everyday__f79dc37d5da5158e765adc9d2256c3dc26727f830114f92ed71f3bee2a1a0766,x64,everyday,0,0,0.17384850978851318
4,goodware_balanced__everyday__fa367ae36bfbe7c989c24c7abbb13482fc20bc35e7812dc377aa1c281ee14cc0,x86,everyday,0,1,0.8283842206001282
4,goodware_balanced__hard_negative__fc46083ab31a20bacc8135766c063b6cc72e16abbed0294f4d9c630b05e8b8f5,x64,hard_negative,0,0,0.14080817997455597
4,goodware_balanced__everyday__fe3f386f43aa2e1e99463ea6c8a680ec770ef419658c7e254c6d63924c2e3de5,x64,everyday,0,0,0.15974101424217224
4,mal_test__avoslocker__002e70b8fde758f88adc506f3c71df1eb32ce1a2b5bec45f3e8e43dba923709f,x86,avoslocker,1,1,0.587824821472168
4,mal_test__playcrypt__006ae41910887f0811a3ba2868ef9576bbd265216554850112319af878f06e55,x86,playcrypt,1,0,0.4576214551925659
4,mal_test__clop__00e815ade8f3ad89a7726da8edd168df13f96ccb6c3daaf995aa9428bfb9ecf1,x86,clop,1,1,0.6309123635292053
4,mal_test__avoslocker__01792043e07a0db52664c5878b253531b293754dc6fd6a8426899c1a66ddd61f,x86,avoslocker,1,1,0.7412996292114258
4,mal_test__blackbasta__03309c90e6c60a2e3cd44374efa3003ae10cd9e05ba6a39c77aa5289b32cb969,x64,blackbasta,1,0,0.11676400899887085
4,mal_test__clop__04e97922edd766b69fecf42370b52f81fe9efd7927e16eb8374042f565430365,x86,clop,1,1,0.859663724899292
4,mal_test__karma__04f76d44db4c3a8d810348f65e539f8d65af3ee764c058290033da8f5c508fc5,x86,karma,1,1,0.8272706270217896
4,mal_test__hive__05ae137c49d99b41296d91667f040082fc33d6f28acbccdc28cfbedf59f6f75b,x64,hive,1,0,0.11476478725671768
4,mal_test__avoslocker__05f6252ae8441e6198a97e7bbae93c03fff0850e082406d6d784274d5ae07122,x86,avoslocker,1,1,0.587824821472168
4,mal_test__hive__06173ef5e0646e104caad18a0f849975dfcddf6c292edfa4c2980b8947502ac8,x64,hive,1,0,0.11476478725671768
4,mal_test__hive__065208b037a2691eb75a14f97bdbd9914122655d42f6249d2cca419a1e4ba6f1,x64,hive,1,0,0.13296423852443695
4,mal_test__bluesky__06ad123df8f3fcc6ca4785c0b52fc57e6e54f44e403fca2fdbd339580d3c53b0,x86,bluesky,1,1,0.8587185740470886
4,mal_test__clop__0778c67835cce4819fecc56c1059c791c0cf023a3a2c4db0ac696d1c3966f9e2,x86,clop,1,1,0.8679338097572327
4,mal_test__quantum__0789a9c0a0d4f3422cb4e9b8e64f1ba92f7b88e2edfd14b7b9a7f5eee5135a4f,x64,quantum,1,0,0.13660839200019836
4,mal_test__clop__07d7a103b08ef363d8b8c3c8ce320c8256d45db08c26d440a9a4ca74d7b46e62,x86,clop,1,1,0.8397339582443237
4,mal_test__hive__08661aa84e59af054e1e7bcde2340b9b7ce83768273999c9ad055e6b6cbd4977,x64,hive,1,0,0.11556088179349899
4,mal_test__clop__09ab880f3021ac2d05e09bebd567ddf5f6f7cfb396573efd819a056931f3b391,x86,clop,1,1,0.8563323616981506
4,mal_test__blackbyte__0b102d8ac22224747d38c9fbf2c91579abae050357f0a1d01fac1ec1315ad291,x64,blackbyte,1,0,0.11357959359884262
4,mal_test__avoslocker__0b1f19ba8740b10ed017671aab023228756a6864fb008bf23f3c606189bdcd98,x86,avoslocker,1,1,0.587824821472168
4,mal_test__playcrypt__0b4f893402b51880d0df703c21195aa0f50cbdd3a5b223cc333cd24f0167c16d,x86,playcrypt,1,1,0.8316905498504639
4,mal_test__hive__0b71b4195c1dd5febd1bf22f62834c471e3c55f76ffa15d536b245652654ed94,x86,hive,1,0,0.14953137934207916
4,mal_test__playcrypt__0bb0f63a3bd6cc79efc18648b28912bd873a8e14c4918ee3579421f728a62fae,x86,playcrypt,1,1,0.7786493301391602
4,mal_test__avoslocker__0befaa4e0feb435459faba84b6952dd7ebfa77d74059a6f7d154d75491fd1c14,x86,avoslocker,1,1,0.587824821472168
4,mal_test__avoslocker__0c50b3543005814bebd996484e72eb53d57d369781f9b979f78d70733672278b,x86,avoslocker,1,1,0.587824821472168
4,mal_test__karma__0d037ee0252e4f26800bcf7c750f61d0c549b7ba0a522c75e8d96dcf4f689e27,x86,karma,1,0,0.15456733107566833
4,mal_test__avoslocker__0d094770db65ec637489116e1510ee787a48d6d130aad26ae40f7dbca6fe7182,x86,avoslocker,1,1,0.587824821472168
4,mal_test__clop__0d19f60423cb2128555e831dc340152f9588c99f3e47d64f0bb4206a6213d579,x86,clop,1,1,0.8255897164344788
4,mal_test__clop__0e3fd4f37b395b9177ccec786f339dd2dc3a539f69b49ac41e55ca21ead7fe73,x86,clop,1,1,0.8140527606010437
4,mal_test__playcrypt__0ed328af77f2576071bfd543938fc01101daac01f216dc43bc091a8da4aff18d,x86,playcrypt,1,1,0.7786493301391602
4,mal_test__avoslocker__0f22ae8e435cfeb4e527199c9083e7093c79892656eff686d55909e8528493db,x86,avoslocker,1,1,0.587824821472168
4,mal_test__quantum__0f3bb820adf6d3bba54988ef40d8188ae48b34b757277e86728bdb8441d01ea2,x64,quantum,1,0,0.13660839200019836
4,mal_test__blackcat__1048a41107f4d9a68c1f5fc0b99ac75dc198047f18bb6e50f3d462f262b8f6cd,x86,blackcat,1,0,0.13660839200019836
4,mal_test__clop__111773fea3e49a77d35abfbeffc2b33fd4b0527d36a643f34be123850ae51fb9,x86,clop,1,1,0.8601343035697937
4,mal_test__bluesky__11ae63b3a7caac549374aaa3c7fea9cba7f23ae83118745fee0a4157f61156f2,x86,bluesky,1,1,0.8354835510253906
4,mal_test__bluesky__11e409f8b0799cd64c53d40ff10cbc639a1f85cd5ba6544fe42689a96302cc2e,x86,bluesky,1,1,0.8198933005332947
4,mal_test__blackcat__12138a12e35563461860d8c39d80e7cbf80aced9a3f197bf7e6a452a70e07048,x86,blackcat,1,0,0.1250653862953186
4,mal_test__avoslocker__123888ff76ffd20da224ef3afed3fd564c4f6fef6c2169bccdbb81a9d7cc9d0b,x86,avoslocker,1,1,0.587824821472168
4,mal_test__karma__124f3a5caf6eb464027f2865225a6a1238c3639e5b4a399f0f7f2dda7bd75aec,x86,karma,1,1,0.8386797308921814
4,mal_test__lorenz__1264b40feaa824d5ba31cef3c8a4ede230c61ef71c8a7994875deefe32bd8b3d,x86,lorenz,1,0,0.17384850978851318
4,mal_test__clop__128f74421cf96f74d721c1ba4c65b5ca262b3bdd9f96a90090ae4b2f092bc60f,x86,clop,1,1,0.8140527606010437
4,mal_test__playcrypt__12d1a0dc37d877dbf81bd18e8bd57b2843cc254c9a3cfcbecb70305612e60cae,x86,playcrypt,1,1,0.5258557796478271
4,mal_test__blackbyte__13581edc2d33951db376e3a5f5f1fb89fee309450cc2248ebbd3b5560b9c3081,x64,blackbyte,1,0,0.11636176705360413
4,mal_test__blackcat__13828b390d5f58b002e808c2c4f02fdd920e236cc8015480fa33b6c1a9300e31,x86,blackcat,1,1,0.802555501461029
4,mal_test__blackbasta__15560b1e35a3a8612a7ba91d00dea6b8dd6e4f3f857399c22c0c75377c9b31a2,x86,blackbasta,1,1,0.7662936449050903
4,mal_test__playcrypt__157c43a3a4e014827e42cf4dd20cc8efa71cdf098f5d1d04b6cd1a972d6a8c7a,x86,playcrypt,1,1,0.8543993234634399
4,mal_test__hive__15a290552f9cdc38b18e6c0babe7fdd52ff8abfa73ff823220fa994e7f023dc0,x64,hive,1,0,0.1196136623620987
4,mal_test__blackbasta__15abbff9fbce7f5782c1654775938dcd2ce0a8ebd683a008547f8a4e421888c4,x86,blackbasta,1,1,0.8216173648834229
4,mal_test__blackcat__15b57c1b68cd6ce3c161042e0f3be9f32d78151fe95461eedc59a79fc222c7ed,x86,blackcat,1,1,0.802555501461029
4,mal_test__clop__15f9ed36d9efc6e570b4f506791ce2c6a849853e2f6d587f30fb12d39dba2649,x86,clop,1,1,0.826151430606842
4,mal_test__hive__1613ba0352b2e9b8d40d001de73c0b747413fae95707f646ac8ad9e3c2f9dce7,x64,hive,1,0,0.13706977665424347
4,mal_test__hive__1670e8bb8065d23e1b93ed8173f079f338abef880047da21af95dd4db57e20bd,x64,hive,1,0,0.11556088179349899
4,mal_test__hive__16d0c9651cae4ca2641f9e875be9f7b39737292eede7a7870b6081922f40b4b1,x64,hive,1,0,0.11476478725671768
4,mal_test__blackbasta__17205c43189c22dfcb278f5cc45c2562f622b0b6280dcd43cc1d3c274095eb90,x86,blackbasta,1,1,0.5700321793556213
4,mal_test__hive__174fce7e7e2df156a3496ad0f4ecbb8aa6e2b76befc1f5e7a5108601ac62fc70,x64,hive,1,0,0.13117322325706482
4,mal_test__playcrypt__176476f9d924d83343a51a90ade097d12b7594dc5dbca1771c440047dfbe81eb,x86,playcrypt,1,1,0.8193157911300659
4,mal_test__bluesky__18329783ad51783d679aec6111ca171eb1176f8fa866949a5267009c14605aa6,x86,bluesky,1,1,0.8354835510253906
4,mal_test__karma__19417c0a38a1206007a0cc82c0fc2e19db897214d27d0998bc4dbac53cc2788d,x86,karma,1,1,0.8386797308921814
4,mal_test__hive__199006f7d4dbc6ccdecbe99b18e8582ba42e6f66f6e3de865eebd3de095a3a63,x64,hive,1,0,0.11556088179349899
4,mal_test__avoslocker__1b0433a15184ab1859a01b0092ccc9d56d9e5536fbf91493ba4b9e681165122a,x86,avoslocker,1,1,0.587824821472168
4,mal_test__bluesky__1b44b3e401f26547ee820bc0fe90904c55ec59d74e4385fe5bdd1826738fa9e6,x86,bluesky,1,1,0.8198933005332947
4,mal_test__blackbasta__1bb7e645d4ff753157bbdd78829276356cb6660a767ab7158fc7dec3fe8b0e2f,x86,blackbasta,1,1,0.875361442565918
4,mal_test__karma__1c41acdc2e9d8b89522ebb51d65b4c41d7fd130a14ce9d449edb05f53bbb8d59,x86,karma,1,1,0.7252596020698547
4,mal_test__clop__1e5a161314bc521356f821200004f9af454ac027e34e25d2961320956be0791b,x86,clop,1,1,0.8955226540565491
4,mal_test__blackcat__1e8696116c400742d13d6dfcad676badee68eac4a42a0693556f5dcfa82d0a46,x86,blackcat,1,0,0.1250653862953186
4,mal_test__avoslocker__1f102cc8bb6a14cc2bd9b9311acb66ed5a6035e8510ea34a328a7bc09d9a3a81,x86,avoslocker,1,1,0.587824821472168
4,mal_test__karma__1f6be41de7ce3d1b8b90856a85600326a3c1dc5ce5bfdaa1572568b1dd114a0f,x86,karma,1,0,0.15456733107566833
4,mal_test__hive__1fb6c6be88080f6a91c33616a9aa4c839dbc1062a904eeacd9fd379a22962498,x64,hive,1,0,0.11476478725671768
4,mal_test__bianlian__1fd07b8d1728e416f897bef4f1471126f9b18ef108eb952f4b75050da22e8e43,x64,bianlian,1,0,0.11757213622331619
4,mal_test__hive__201215fdd6ba159d22621f2424f75b25fbe6dac1c85126e174e4ae999ef88111,x64,hive,1,0,0.12252321094274521
4,mal_test__blackbasta__203d2807df6ef531efbec7bfd109986de3e23df64c01ea4e337cbe5ba675248b,x86,blackbasta,1,1,0.8316905498504639
4,mal_test__hive__206de75058a7dfa0b96784965baab63a137f2e89a97e623842e7d0bb3f12c2fc,x86,hive,1,0,0.1766716092824936
4,mal_test__bianlian__20bab94e6d9c8ed4832ce3b58f9150b16f9e5f40ffdcb747e10366cab5a30352,x64,bianlian,1,0,0.11838509887456894
4,mal_test__blackcat__214ea9347df948e515af3f0ed446722e36f011e8cd34a221eb6e506269b955f3,x86,blackcat,1,0,0.12635333836078644
4,mal_test__bluesky__2176a3cdf5db56f5dcab475f362d459d4b2b3dafc3c146caaf3100009d0c8a5f,x86,bluesky,1,1,0.8354835510253906
4,mal_test__clop__220c50ccf6a9d9727e9f442df42469f027d9f7a2ea833319971746280023bb0c,x86,clop,1,1,0.8601343035697937
4,mal_test__bluesky__2280898cb29faf1785e782596d8029cb471537ec38352e5c17cc263f1f52b8ef,x86,bluesky,1,1,0.8354835510253906
4,mal_test__bluesky__22a020af0e4be83dea45c0700d065d9ae64630748c02b58397f6c6d91c3efb0d,x86,bluesky,1,1,0.8198933005332947
4,mal_test__blackbasta__2327018dab0e3beaed2123bcb5392405ab1e502dfa72a5a32c2c164346bb9bc6,x86,blackbasta,1,1,0.8494724035263062
4,mal_test__blackcat__25364fb9f14a97437eb079e0778f724f3817faa7d23de316b2eca11bdae1e343,x86,blackcat,1,0,0.13660839200019836
4,mal_test__avoslocker__2736d807b3d6e2dc3bedbfcd1d460df0b5065b36258ea6dc820f565d82f5d0a7,x86,avoslocker,1,1,0.587824821472168
4,mal_test__avoslocker__27cd3e759ec4858adaea63050ad1fc22e4850c1e157d88c0943c2589fa39b5a4,x86,avoslocker,1,1,0.7412996292114258
4,mal_test__avoslocker__29910ea42c8e2abb22d5a88053e1725c93a104e61560a2f8d88716d619bcaa08,x86,avoslocker,1,1,0.7412996292114258
4,mal_test__hive__29d2f9308947efac0c804497666e1f03d61bc9321fdb498152a5d481d1e61a35,x64,hive,1,0,0.11476478725671768
4,mal_test__playcrypt__2ab190542c3ec7b2b6e6d4bccce4c5d6a572f98c6bc89b014fea0c8fd6db6723,x86,playcrypt,1,1,0.8661325573921204
4,mal_test__playcrypt__2e9126dfad03bdaf54f9b29ade42038c83f65ac7288376f45768901660f62d7b,x86,playcrypt,1,0,0.4576214551925659
4,mal_test__bluesky__2ee6dfbfb2afd7442c9f2212eb142876698851c3ffb552ee420c0281e35a836e,x86,bluesky,1,1,0.8354835510253906
4,mal_test__clop__2f29950640d024779134334cad79e2013871afa08c7be94356694db12ee437e2,x86,clop,1,1,0.6309123635292053
4,mal_test__quantum__2fd8356abd42b19799aca857990a5f49631b02bd3253f80d96b5d27dcfd2f7c9,x64,quantum,1,0,0.12549345195293427
4,mal_test__hive__30414f35f5ae50c9133017c6100b6f82dca0ca872ac6fbcf159b7b1d2303664f,x64,hive,1,0,0.11556088179349899
4,mal_test__bluesky__311dc38f619f40f06bee5157119ab4b93684924f53e4ff2da34412f9dac111a4,x86,bluesky,1,1,0.8354835510253906
4,mal_test__avoslocker__31a6ddb891c3470c6d32ced24aaa5de84c77b24042a44c157d456e31c9325402,x86,avoslocker,1,1,0.587824821472168
4,mal_test__blackcat__32304c278117353bd112132323055e113b62182d1efcc83abec1e736cf8da9e1,x86,blackcat,1,0,0.1250653862953186
4,mal_test__hive__32ff0e5d87ec16544b6ff936d6fd58023925c3bdabaf962c492f6b078cb01914,x64,hive,1,0,0.12852513790130615
4,mal_test__clop__3320f11728458d01eef62e10e48897ec1c2277c1fe1aa2d471a16b4dccfc1207,x86,clop,1,1,0.8484706878662109
4,mal_test__hive__33aceb3dc0681a56226d4cfce32eee7a431e66f5c746a4d6dc7506a72b317277,x64,hive,1,0,0.11556088179349899
4,mal_test__karma__34629751d8202be456dcf149b516afefc980a9128dd6096fd6286fee530a0d20,x86,karma,1,0,0.15456733107566833
4,mal_test__hive__3489cfa46b9cc21f3fbd73d3225b1f42223a9c14bec10c8d305f72192314a372,x64,hive,1,0,0.11476478725671768
4,mal_test__blackbasta__350ba7fca67721c74385faff083914ecdd66ef107a765dfb7ac08b38d5c9c0bd,x86,blackbasta,1,1,0.8925625681877136
4,mal_test__hive__36759cab7043cd7561ac6c3968832b30c9a442eff4d536e901d4ff70aef4d32d,x64,hive,1,0,0.13296423852443695
4,mal_test__avoslocker__373a791f058539d72983e38ebe68e98132fcf996d04e9a181145f22a96689386,x86,avoslocker,1,0,0.13939638435840607
4,mal_test__bluesky__376fdb43699c90fd6cca2706c14827791137b3a753c7368a202de63f588fdb2f,x86,bluesky,1,1,0.8354835510253906
4,mal_test__avoslocker__380275cac2a1793403674bd8cb686b478f457d65c25e3d58a3a1f856f829723b,x86,avoslocker,1,1,0.587824821472168
4,mal_test__hive__382da46b770736639b495071c4c5a0b139eb486583b7b9548274ce6e4f663cb8,x86,hive,1,0,0.24436300992965698
4,mal_test__bluesky__38478119e3344e735cf60442e7528db63046a543a5f422db8f946b2c2693d19a,x86,bluesky,1,1,0.8198933005332947
4,mal_test__blackcat__3850817e83a1cf4195920110bb2995a0386fdaeacbf81e13f52bdb3d124911f5,x86,blackcat,1,0,0.19314737617969513
4,mal_test__clop__389e03b1a1fd1c527d48df74d3c26a0483a5b105f36841193172f1ee80e62c1b,x86,clop,1,1,0.8824278712272644
4,mal_test__bianlian__3a2f6e614ff030804aa18cb03fcc3bc357f6226786efb4a734cbe2a3a1984b6f,x64,bianlian,1,0,0.12043881416320801
4,mal_test__blackcat__3a96c3075b8494fe6a76c6325946ab3f200e75ce26ad886446ea1394b5ac6ba1,x86,blackcat,1,0,0.1250653862953186
4,mal_test__blackcat__3b18241ac1018db1c2fb5c9e8306490bcafb373c852f1c5ebae65c672632a620,x86,blackcat,1,0,0.1352320909500122
4,mal_test__blackcat__3c8ad2dae0b1bb536925b4e8d5a87e77c6134371eada2c7628358d6c6d3083dc,x86,blackcat,1,0,0.1250653862953186
4,mal_test__clop__3d94c4a92382c5c45062d8ea0517be4011be8ba42e9c9a614a99327d0ebdf05b,x86,clop,1,1,0.8918110132217407
4,mal_test__blackcat__3de2a56cc13e85bc214d583dbd101857a129b796dae0c499fb5045a1508231ef,x86,blackcat,1,0,0.12678517401218414
4,mal_test__bluesky__3e035f2d7d30869ce53171ef5a0f761bfb9c14d94d9fe6da385e20b8d96dc2fb,x86,bluesky,1,1,0.8354835510253906
4,mal_test__playcrypt__3e6317229d122073f57264d6f69ae3e145decad3666ddad8173c942e80588e69,x86,playcrypt,1,1,0.8661325573921204
4,mal_test__blackcat__3ed830b0803b63aca0a82661475c863801afd2e2b03c2675b05019d55f25a1f4,x86,blackcat,1,0,0.1352320909500122
4,mal_test__karma__3ff1b90dbad5d78397fdc731c3a3c080d91fc488ac9152793b538b74a1e2d8f3,x86,karma,1,0,0.15456733107566833
4,mal_test__lorenz__40ff1ab8ac09057421079dae83fb675d7a2a3da6c7d0cd6400a0d720c5b0f58c,x86,lorenz,1,0,0.16667540371418
4,mal_test__lorenz__427713275e7c4515e3c577684a7c5f96e45771fee54f1c3162a2d6a2cc4cd76e,x86,lorenz,1,0,0.13028542697429657
4,mal_test__clop__428988730867a648960bc25c6b0f73431e9beb028331dfa7b5f5760a5042c12d,x86,clop,1,1,0.894789457321167
4,mal_test__avoslocker__43b7a60c0ef8b4af001f45a0c57410b7374b1d75a6811e0dfc86e4d60f503856,x86,avoslocker,1,1,0.7412996292114258
4,mal_test__clop__43e633a9a26287e9be7a4788d750258d64612e7b625ab5a3f0a9128469e99c2d,x86,clop,1,1,0.8601343035697937
4,mal_test__blackbyte__44a5e78fce5455579123af23665262b10165ac710a9f7538b764af76d7771550,x64,blackbyte,1,0,0.11357959359884262
4,mal_test__avoslocker__452967e7a2a6102a50036faa6f348b57ca5c514992bf8f7e0416d2dd9b1ab13a,x86,avoslocker,1,1,0.587824821472168
4,mal_test__avoslocker__45b95b6ee5a726bf41b6a52020bb03cdf128e381998f317d8bd34deb4074cf62,x86,avoslocker,1,1,0.587824821472168
4,mal_test__maui__45d8ac1ac692d6bb0fe776620371fca02b60cac8db23c4cc7ab5df262da42b78,x86,maui,1,1,0.7483522891998291
4,mal_test__playcrypt__463e5c95af41e43a9d6ee85bf84421e64e3de6583c9e2c0bb3e695171a28e913,x86,playcrypt,1,0,0.21535073220729828
4,mal_test__clop__46cd508b7e77bb2c1d47f7fef0042a13c516f8163f9373ef9dfac180131c65ed,x86,clop,1,1,0.8140527606010437
4,mal_test__bianlian__46d340eaf6b78207e24b6011422f1a5b4a566e493d72365c6a1cace11c36b28b,x64,bianlian,1,0,0.11556088179349899
4,mal_test__bluesky__47971a5a44f487f341d482fdcb91271a2aea4d3eee7191c69568690d2fe9f251,x86,bluesky,1,0,0.3255205750465393
4,mal_test__playcrypt__47c7cee3d76106279c4c28ad1de3c833c1ba0a2ec56b0150586c7e8480ccae57,x86,playcrypt,1,1,0.5544478297233582
4,mal_test__blackbasta__48976d7bf38cca4e952507e9ab27e3874ca01092eed53d0fde89c5966e9533bb,x86,blackbasta,1,1,0.7885831594467163
4,mal_test__hive__4a484842f4376660894109a2123cd4e1917193efcce9b776e8c769fc667c05b3,x64,hive,1,0,0.11476478725671768
4,mal_test__hive__4a5bc30a85bc4b000d8dcedf533c8049fb6d42f31c7a0a524aaa2a0275ac6c0f,x64,hive,1,0,0.11476478725671768
4,mal_test__lorenz__4b1170f7774acfdc5517fbe1c911f2bd9f1af498f3c3d25078f05c95701cc999,x86,lorenz,1,1,0.8158201575279236
4,mal_test__clop__4b13034d10c60ae0b507b1c21c52fbc3ec75e827225a86e629ecea5fdfffe609,x86,clop,1,1,0.8727816939353943
4,mal_test__hive__4b62c93fbf0b964c4de93a0ce456bccdaee2908b3c0135b3f62912068a728d3e,x86,hive,1,0,0.24436300992965698
4,mal_test__bluesky__4c752131e47710d47dd0084a22ac03cd5924eb617e97cf895159ae03d86f561e,x86,bluesky,1,1,0.8354835510253906
4,mal_test__hive__4d15aa5d68b0e8b081c18d0ee5c06cc1758d17246a8d01b3c8ac48d1ef07610b,x64,hive,1,0,0.11436852067708969
4,mal_test__clop__4d8374ad8f1dd3885358fa779f04e5890906de40d084a1aeb4afc1decb116289,x86,clop,1,1,0.8327813148498535
4,mal_test__karma__4dec9a9044631caef283c7f39a576e4e5c1cc1e6a97ce5c60936a3a3d0097818,x86,karma,1,0,0.2030746340751648
4,mal_test__bluesky__4fd0c22d92f8bf7a062497867a802bdbab4c802ac10c8b529fe7f896e7517492,x86,bluesky,1,1,0.8198933005332947
4,mal_test__blackcat__4fea41b61b2bd700fc6613c18c05aeb4df37bcbe777868081b0ed1076ee7aacb,x86,blackcat,1,0,0.1325145661830902
4,mal_test__bianlian__50c86fb27bed1962903a5f9d155544e3fdb859ae19e967a10f0bf3a60bb8954f,x64,bianlian,1,0,0.11797802150249481
4,mal_test__quantum__511c1021fad76670d6d407139e5fef62b34ca9656fb735bd7d406728568fa280,x86,quantum,1,1,0.8836382031440735
4,mal_test__holyghost__541825cb652606c2ea12fd25a842a8b3456d025841c3a7f563655ef77bb67219,x64,holyghost,1,0,0.11596070975065231
4,mal_test__hive__545a22b900104571ca0718336c6dfe37574263f1670d55835859b30f9776b028,x86,hive,1,0,0.1561049073934555
4,mal_test__playcrypt__5573cbe13c0dbfd3d0e467b9907f3a89c1c133c774ada906ea256e228ae885d5,x86,playcrypt,1,1,0.7468782067298889
4,mal_test__clop__589152e247730d8bbcb546bb43cc79ad72c0098fd76a1c95224e9b8f5f6b9d15,x86,clop,1,1,0.8204693794250488
4,mal_test__blackcat__59868f4b346bd401e067380cac69080709c86e06fae219bfb5bc17605a71ab3f,x86,blackcat,1,0,0.13660839200019836
4,mal_test__blackcat__5a604a8f0e72f3bf7901b7b67f881031a402ab8072269c00233a554df548f54d,x86,blackcat,1,0,0.1250653862953186
4,mal_test__lorenz__5b03b861884cb3e14a8b888c7dee2ee0d494933df863d504882345fa278d1ea5,x86,lorenz,1,0,0.4576820731163025
4,mal_test__blackbasta__5b6c3d277711d9f847be59b16fd08390fc07d3b27c7c6804e2170f456e9f1173,x86,blackbasta,1,1,0.5700321793556213
4,mal_test__avoslocker__5b7bed7349f6b1499b7eac111d7264101b13eeb9684830a4a93bab5f9d79d77e,x86,avoslocker,1,0,0.200557678937912
4,mal_test__maui__5b7ecf7e9d0715f1122baf4ce745c5fcd769dee48150616753fec4d6da16e99e,x86,maui,1,1,0.7483522891998291
4,mal_test__blackbasta__5d2204f3a20e163120f52a2e3595db19890050b2faa96c6cba6b094b0a52b0aa,x86,blackbasta,1,1,0.6774740219116211
4,mal_test__avoslocker__5d6e4bd7bd7239fab20e043fb292974497297af89759b1b0d48d7d006e5e96fa,x86,avoslocker,1,1,0.587824821472168
4,mal_test__avoslocker__5db3f3c20f7860682ea6d7ebbe3db042337aa18d874f26699213cef2a5764304,x86,avoslocker,1,1,0.587824821472168
4,mal_test__playcrypt__5e94626c6bcb825acede3826811ed693644d6dbb7caeeefb8575c2ec711a65a6,x86,playcrypt,1,1,0.8413047790527344
4,mal_test__playcrypt__5eca08ddca898427de5ab13fedf25426102c3a0621d086b63f2e37d2d04ba3e9,x86,playcrypt,1,0,0.45750024914741516
4,mal_test__avoslocker__603b5241cb49ef17c2522b60600b15d9e1273ccbf4d39aec4d34e16297968955,x86,avoslocker,1,1,0.587824821472168
4,mal_test__playcrypt__608e2b023dc8f7e02ae2000fc7dbfc24e47807d1e4264cbd6bb5839c81f91934,x86,playcrypt,1,1,0.7786493301391602
4,mal_test__playcrypt__61c63be1e0ebf23a616e02f8929364f270b03190ab9132fa638b3dd20b6dc109,x86,playcrypt,1,0,0.19620943069458008
4,mal_test__avoslocker__62a8e739d111437b798d1b5f9286366c10cb48a1a7818519babc7f3a9bb5124e,x86,avoslocker,1,1,0.587824821472168
4,mal_test__clop__64de5359969b2dc8d3aa4d5fd43409defda2c5794a4e89ca7da9396cf4edf279,x86,clop,1,1,0.8484706878662109
4,mal_test__blackbasta__653da5127b0ecbc5c373ce510c0d5191f61f2df912c9b6f4989aa3775933bc33,x86,blackbasta,1,1,0.8633915781974792
4,mal_test__blackcat__655abd0b5067ec53b25ea387c9aebe0fbafd5209e53bc7447c7d7425cb76b175,x86,blackcat,1,0,0.13660839200019836
4,mal_test__blackcat__6660d0e87a142ab1bde4521d9c6f5e148490b05a57c71122e28280b35452e896,x86,blackcat,1,0,0.19314737617969513
4,mal_test__avoslocker__66de24f5e32ddf0b20d64701862f3c23071018cc0758e34f487cdf795a89b73b,x86,avoslocker,1,1,0.587824821472168
4,mal_test__blackcat__67d1f4077e929385cfd869bf279892bf10a2c8f0af4119e4bc15a2add9461fec,x86,blackcat,1,0,0.1250653862953186
4,mal_test__hive__6920e86a65fc94f9fd46c46c09187b802a13801904e06c6aa63c10e0c9197218,x64,hive,1,0,0.11556088179349899
4,mal_test__blackbasta__699aaea1598a034cde7ed88cd8a8a36fd59447e09bddef566357061774c48a76,x86,blackbasta,1,1,0.755636990070343
4,mal_test__clop__6b3a6afb6edc1c9d36e0793f00be3c0cf6626db26b3cfd31d6a18793453303a7,x86,clop,1,1,0.8601343035697937
4,mal_test__karma__6c98d424ab1b9bfba683eda340fef6540ffe4ec4634f4b95cf9c70fe4ab2de90,x86,karma,1,1,0.7252596020698547
4,mal_test__avoslocker__6cc510a772d7718c95216eb56a84a96201241b264755f28875e685f06e95e1a2,x86,avoslocker,1,0,0.21044158935546875
4,mal_test__blackcat__6dd995d896a9a593b2c48d09da60bd83866d8577273f36d38788d83ad8173e68,x86,blackcat,1,0,0.1250653862953186
4,mal_test__bluesky__6e1057e52d296655f932b8a9da7302b31379ce5b9ba4cc32ed3af4c15c7adcf0,x86,bluesky,1,1,0.8354835510253906
4,mal_test__blackbyte__6f36a4a1364cfb063a0463d9e1287248700ccf1e0d8e280e034b02cf3db3c442,x64,blackbyte,1,0,0.11357959359884262
4,mal_test__hive__70b278b5e01f7cc409a112892e8f2ff243afa0d0815d060e31a813ba24316d37,x86,hive,1,0,0.14953137934207916
4,mal_test__blackbyte__70e861184ba4bf7b1f5aa549b15b0207519f9b7ecd4ecdeaf99af832f88285a5,x64,blackbyte,1,0,0.11797802150249481
4,mal_test__avoslocker__718810b8eeb682fc70df602d952c0c83e028c5a5bfa44c506756980caf2edebb,x86,avoslocker,1,0,0.200557678937912
4,mal_test__lorenz__71cdbbc62e10983db183ca60ab964c1a3dab0d279c5326b2e920522480780956,x86,lorenz,1,0,0.1250653862953186
4,mal_test__lorenz__7275034886da11ca6d828547f15cab259e22ba624c5f5762afd237aa686455dd,x86,lorenz,1,0,0.17781086266040802
4,mal_test__blackcat__731adcf2d7fb61a8335e23dbee2436249e5d5753977ec465754c6b699e9bf161,x86,blackcat,1,0,0.13660839200019836
4,mal_test__playcrypt__73e19be4da76bb4e52cb82493c75690977fc3a5f589a9b47e834362545ef512a,x86,playcrypt,1,0,0.2825919985771179
4,mal_test__blackcat__74abc075fc1d5c8985c952afc25a48ba874e76f96af4dc33414e84db9e10b9ee,x86,blackcat,1,0,0.12294380366802216
4,mal_test__playcrypt__757524b09e5d4f2399172c4ac0f6996ec34dec90110542973d438d5370aff280,x86,playcrypt,1,1,0.8489722013473511
4,mal_test__blackbasta__7883f01096db9bcf090c2317749b6873036c27ba92451b212b8645770e1f0b8a,x86,blackbasta,1,1,0.8494724035263062
4,mal_test__blackcat__79802d6a6be8433720857d2b53b46f8011ec734a237aae1c3c1fea50ff683c13,x86,blackcat,1,0,0.1250653862953186
4,mal_test__blackcat__7b2449bb8be1b37a9d580c2592a67a759a3116fe640041d0f36dc93ca3db4487,x86,blackcat,1,0,0.13477592170238495
4,mal_test__blackcat__7bb383b31d1b415bc067e612203cc6bda53e914f7ca5291299e92f59d47cabf8,x86,blackcat,1,1,0.802555501461029
4,mal_test__hive__7bdb4508714a56fe5e6d9eb757ee475d08809470c6a02baa901484f0697cc362,x64,hive,1,0,0.13939638435840607
4,mal_test__hive__7cb066628b72dafaf1ad07e3c98c8bc5520df2f3b417d5b0acb5ded1b0279347,x64,hive,1,0,0.11476478725671768
4,mal_test__playcrypt__7d14b98cdc1b898bd0d9be80398fc59ab560e8c44e0a9dedac8ad4ece3d450b0,x86,playcrypt,1,0,0.13939638435840607
4,mal_test__avoslocker__7d1e470e36c68e1156a7828f8002254dcde68dc61f998ab5636c12ba63f472dd,x86,avoslocker,1,1,0.587824821472168
4,mal_test__hive__7fb0391651fff5ea815395dd278986dc23af9e91036ce178dd25951758ea94c6,x64,hive,1,0,0.11556088179349899
4,mal_test__blackbasta__81515e1c72fadae2c4bb15883e0c1d8979b49fd52d8c65ca03e05a75ca6683c9,x86,blackbasta,1,1,0.8643104434013367
4,mal_test__clop__8209162e0985c360c59c568f2f33de74364f0c5f1e984e5785c64825e8ad9fd0,x86,clop,1,0,0.22202469408512115
4,mal_test__blackcat__82479ba19531a5b3f108f21f939190de2073395a708bb4446d6acc398518b802,x86,blackcat,1,0,0.1250653862953186
4,mal_test__maui__830207029d83fd46a4a89cd623103ba2321b866428aa04360376e6a390063570,x86,maui,1,1,0.7483522891998291
4,mal_test__quantum__834c1dc19baf8b9edf78f17ffd5b46eea29eb05aaa348304baa218811eac7bfe,x64,quantum,1,0,0.12549345195293427
4,mal_test__bluesky__840af927adbfdeb7070e1cf73ed195cf48c8d5f35b6de12f58b73898d7056d3d,x86,bluesky,1,1,0.8354835510253906
4,mal_test__blackbyte__8450ca5ae10e3f959eede67d21621f80fd0b0ff913a5468aef4304d5f99a77fc,x64,blackbyte,1,0,0.11636176705360413
4,mal_test__karma__84d24a16949b5a89162411ab98ab2230128d8f01a3d3695874394733ac2a1dbd,x86,karma,1,1,0.7252596020698547
4,mal_test__avoslocker__84d94c032543e8797a514323b0b8fd8bd69b4183f17351628b13d1464093af2d,x86,avoslocker,1,0,0.200557678937912
4,mal_test__avoslocker__85115951fe456441a3f6fccd09b9101b12255ac4e029c3b0c8be1ab450a4bc6c,x86,avoslocker,1,1,0.587824821472168
4,mal_test__blackbasta__856b5dc509c17f5be68186b6a8ab272fc0dd12000c978548d8488ee997b015e5,x86,blackbasta,1,1,0.8629302382469177
4,mal_test__clop__85b71784734705f6119cdb59b1122ce721895662a6d98bb01e82de7a4f37a188,x86,clop,1,1,0.8629302382469177
4,mal_test__clop__8681d4d20676c19ad62400f47f66146f82b30941937ebf85c1f207257c05cea5,x86,clop,1,1,0.8791467547416687
4,mal_test__clop__876202dfc6af9577162ab4ad567e93681d0b1ebde5eacf45c4254a2385f23060,x86,clop,1,1,0.8955226540565491
4,mal_test__blackcat__87a14583b72250a660b74f1e475a268f95285820d72fbd5115f1b8c6ec787a9a,x86,blackcat,1,0,0.1250653862953186
4,mal_test__playcrypt__8962de34e5d63228d5ab037c87262e5b13bb9c17e73e5db7d6be4212d66f1c22,x86,playcrypt,1,1,0.8661325573921204
4,mal_test__hive__89a9279a31e78ceb036d8be5b2e3c7aeb1021a05cff7bbd5e5025250c911234b,x64,hive,1,0,0.11556088179349899
4,mal_test__blackcat__8a22a91c931ac80ca91cf91fef678c4bee00e3eb5ad24f209bc8595e012ba5b0,x86,blackcat,1,0,0.1250653862953186
4,mal_test__clop__8a2dfaffc9420e209f132cdd3aedda4bbc4c18e02c47687006f67c13a36f1dc6,x86,clop,1,1,0.8484706878662109
4,mal_test__avoslocker__8ac411f4b10581c38be5c2767747ee0a9279eb4faf02d8e7842b8376e8f742bf,x86,avoslocker,1,1,0.587824821472168
4,mal_test__bluesky__8dfd7ee796dd98daefbc1458a34f0460ebd8508df319d44ab48f4cbc579a7f09,x86,bluesky,1,1,0.8354835510253906
4,mal_test__lorenz__8ea6a6d4578029c7b2dbbfb525ec88b2cb309901ec5a987847471b6101f0de41,x86,lorenz,1,0,0.17050801217556
4,mal_test__lorenz__8f9024ac4d0420ebf43fb0fb77d3aa4be926234d1a0308804ccd71b99761d40e,x86,lorenz,1,0,0.12984342873096466
4,mal_test__clop__8fb307c24f655cc773d692f1354c4c6e265e5e275f66372e460ca61952e38618,x86,clop,1,1,0.8140527606010437
4,mal_test__bluesky__905de085d2a9ebf553e3325eb9c878b9855f85c10f77e80c46519056658d6bab,x86,bluesky,1,1,0.8354835510253906
4,mal_test__bluesky__91795d3e8925e647444eb383e52cdc5046db10fa320afc817fab29b085e7d76f,x86,bluesky,1,1,0.8587185740470886
4,mal_test__playcrypt__92f3abed62d710064a19f2a50c4482cd02adfd821ace4c2f3030f96290166189,x86,playcrypt,1,1,0.8615382313728333
4,mal_test__clop__9322ac5c62ad267bedcbfb7e6736377495a00923531fa244c3a2cc98a990c125,x86,clop,1,1,0.8397339582443237
4,mal_test__hive__9377cbf352b7aa61f79190789c669ab2d6855cb3429ce494bc79abe0267bf4cc,x64,hive,1,0,0.11476478725671768
4,mal_test__blackbyte__938a0841b643da4d0e04848b04b7f735c64e05ce45b5118618c6af685d651f08,x64,blackbyte,1,0,0.11357959359884262
4,mal_test__avoslocker__93b11a9a72d51d4aa80c0791c19dcc49cc164ae98b67cdff619743766611e947,x86,avoslocker,1,0,0.1525365114212036
4,mal_test__blackcat__942946c6ae139b1f1efc91262f91034542eb75b80c3c66c10d69dda014d706d6,x86,blackcat,1,0,0.11879339814186096
4,mal_test__bluesky__94733075d7ccdc9d770f71200e11f84c00b8a529182b504fb997e9b331470f9a,x86,bluesky,1,1,0.8354835510253906
4,mal_test__blackcat__94e56379b7a31b01cf826076a74fc4ddb7f86f7991a6f58300f28712d484aa33,x86,blackcat,1,0,0.1250653862953186
4,mal_test__playcrypt__952fec5f9e7137951700d7e4239728f903e360b3fdb0332deb9448bdc31c2f3f,x86,playcrypt,1,1,0.6517983078956604
4,mal_test__playcrypt__957a6aee2437a5c4d31372af2f6bceb29e1c7a49d650fe207cefc624bf6bca82,x86,playcrypt,1,1,0.7786493301391602
4,mal_test__clop__968307a367471e25bef58b0d4687ab4fdf34539bbfb603b5b19ae99d4d0c0340,x86,clop,1,1,0.8489722013473511
4,mal_test__playcrypt__96835abb2917ee87359a8669c4f28b9e8b1ee402e45153e98474a7b2135ca2cd,x86,playcrypt,1,1,0.7371581792831421
4,mal_test__lorenz__971f0a32094b8ac10712503305ac6789048d190a209c436839e2e6b0acb016f3,x86,lorenz,1,0,0.12808823585510254
4,mal_test__playcrypt__97c1b1ff5aee63fd1c042384e9b88e869fc33105c60d65819bcf98a610508c8d,x86,playcrypt,1,0,0.3608268201351166
4,mal_test__bluesky__99828018b3af892707985f6a3f8c3d34ae1d1575fdefd7a05f1e6861181ec1b2,x86,bluesky,1,1,0.8354835510253906
4,mal_test__blackcat__99d09068ac1b9d6db4f8bcff698ffff8e112a506c0f01afff460c5a3b1393ef8,x86,blackcat,1,0,0.1250653862953186
4,mal_test__holyghost__99fc54786a72f32fd44c7391c2171ca31e72ca52725c68e2dde94d04c286fccd,x86,holyghost,1,1,0.7549149990081787
4,mal_test__avoslocker__9a2c0204689a19d372560fb1da472e25c9747289178a81a8aa4e3622a63fe773,x86,avoslocker,1,1,0.587824821472168
4,mal_test__blackbasta__9a55f55886285eef7ffabdd55c0232d1458175b1d868c03d3e304ce7d98980bc,x86,blackbasta,1,1,0.8210441470146179
4,mal_test__blackbasta__9b57d94b33cd712bf409e0128f26a75d2d9746ef65012ce6cd72caf47650d2a6,x86,blackbasta,1,1,0.8568122982978821
4,mal_test__blackbasta__9bbe6414ce22cb5e19f294004cb5cdbc883479d99629ddcdb5b70e9806306e42,x86,blackbasta,1,1,0.8110781908035278
4,mal_test__bluesky__9e302bb7d1031c0b2a4ad6ec955e7d2c0ab9c0d18d56132029c4c6198b91384f,x86,bluesky,1,1,0.8354835510253906
4,mal_test__avoslocker__9e4b3871a7ea10afc1ad09f93f9205b6aa1863a984c729ee764eac2215d322e6,x86,avoslocker,1,1,0.587824821472168
4,mal_test__playcrypt__9e69416cac3cb428cfb1894fbf7990692978edbf57737ad4c812d53c49687898,x86,playcrypt,1,1,0.77390056848526
4,mal_test__blackcat__9f6876762614e407d0ee6005f165dd4bbd12cb21986abc4a3a5c7dc6271fcdc3,x86,blackcat,1,0,0.15002882480621338
4,mal_test__blackcat__9fb1067dd3edf3d517517e9c191f3f07067bf30aa034a36ebf6543d83cea5ec1,x86,blackcat,1,0,0.19314737617969513
4,mal_test__blackbasta__9fce9ee85516533bae34fc1184a7cf31fa9f2c7889b13774f83d1df561708833,x86,blackbasta,1,1,0.8056321740150452
4,mal_test__clop__9ff6a067f5f97ce0dd05fc338699875a4e736477bc933b97d24a1416f9fd7644,x86,clop,1,1,0.8563323616981506
4,mal_test__blackbasta__a083060d38984e7c6f36dcd2c57ec1aa3f50f9c201c8538257c8cbf2b3217e96,x64,blackbasta,1,0,0.1250653862953186
4,mal_test__lorenz__a0ccb9019b90716c8ee1bc0829e0e04cf7166be2f25987abbc8987e65cef2e6f,x86,lorenz,1,0,0.12984342873096466
4,mal_test__blackcat__a15f278540238f0308608e76a76c01c60e04f5e5bbe9ffce5455f2e965574a12,x86,blackcat,1,0,0.1352320909500122
4,mal_test__avoslocker__a1b504b8e34200d8029f6d75491d517e460162cb9df438257ee4ed85f61c18bc,x86,avoslocker,1,0,0.200557678937912
4,mal_test__hive__a33e93343f46eafa16ccd18a9376f528e146de57673d9fad0a6ce68130cd9357,x64,hive,1,0,0.11476478725671768
4,mal_test__hive__a4878bb4655f21dd34b5a8a853ebea6b9cca292190c6ca180b4afe44077002ab,x64,hive,1,0,0.11476478725671768
4,mal_test__karma__a63937d94b4d0576c083398497f35abc2ed116138bd22fad4aec5714f83371b0,x86,karma,1,1,0.6526842713356018
4,mal_test__lorenz__a9fdbc6d20b780ca42660ad4803f391308fa0243fbc515fd3c1acf935dd43c1e,x86,lorenz,1,0,0.1716158092021942
4,mal_test__clop__aaa4f5bb1bd81db677b21938b03b0cd282c200a9cd0d82ef85c83805c9e8e66f,x86,clop,1,1,0.8484706878662109
4,mal_test__playcrypt__ac2077199eff791b44274b3f0634e5c23ff219e4097136d59baaf6fba337989f,x86,playcrypt,1,1,0.6517983078956604
4,mal_test__blackcat__acf8884a4bfb9ebfe99ed607c4f1cf625cd705ac4317c092ef6dcca3d47027aa,x86,blackcat,1,0,0.1250653862953186
4,mal_test__karma__ad841882052c3f9d856ad9a393232e0a59d28e17c240d23258f1dac62f903ab8,x86,karma,1,1,0.6526842713356018
4,mal_test__blackbasta__ae7c868713e1d02b4db60128c651eb1e3f6a33c02544cc4cb57c3aa6c6581b6e,x86,blackbasta,1,1,0.8494724035263062
4,mal_test__bluesky__afccc93c4122d7e63543fc342a4ba9319c4969797c0c3ed32b944b07c83aea16,x86,bluesky,1,1,0.8354835510253906
4,mal_test__blackbasta__affcb453760dbc48b39f8d4defbcc4fc65d00df6fae395ee27f031c1833abada,x86,blackbasta,1,1,0.8316905498504639
4,mal_test__hive__b1bfc90de9dcea999dedf285c3d3d7e1901847d84ec297224a0d82720d0ed501,x64,hive,1,0,0.11556088179349899
4,mal_test__bluesky__b39fcf37d9019cc92127ee82c03df5e37aa8238cd76cc6eca2e3d1e7e977fc26,x86,bluesky,1,1,0.8354835510253906
4,mal_test__avoslocker__b4c4e9aabd821e6a664fb320a043c133e4e3d0381342079a50e12ca017f489bc,x86,avoslocker,1,1,0.587824821472168
4,mal_test__bluesky__b5b105751a2bf965a6b78eeff100fe4c75282ad6f37f98b9adcd15d8c64283ec,x86,bluesky,1,1,0.8354835510253906
4,mal_test__hive__b5daf399518d76b8e7ca86ada767d9e90fd0ae6efbe5acc2cc775b929f188228,x64,hive,1,0,0.13117322325706482
4,mal_test__quantum__b63e94928da25e18caa1506305b9ca3dedc267e747dfa4710860e757d2cc8192,x64,quantum,1,0,0.12549345195293427
4,mal_test__hive__b6b1ea26464c92c3d25956815c301caf6fa0da9723a2ef847e2bb9cd11563d8b,x64,hive,1,0,0.17272931337356567
4,mal_test__bluesky__baaa0e49398ef681ef71e84a7a86dd2b78f36ac83785e0d9a061067ebaf8b006,x86,bluesky,1,1,0.8354835510253906
4,mal_test__blackcat__bacedbb23254934b736a9daf6de52620c9250a49686d519ceaf0a8d25da0a97f,x86,blackcat,1,0,0.1250653862953186
4,mal_test__playcrypt__bb51255ec929ae1fb34981b8b988769027ee49e68c0958a4a2a76b59a0dc1cff,x86,playcrypt,1,0,0.4576214551925659
4,mal_test__blackcat__bb6b249336cd7001b1c55d3724b5e35a150e752ed795c36e0d5dcba00eedb62a,x86,blackcat,1,0,0.1250653862953186
4,mal_test__playcrypt__bbd84d10f6a56bfeca23fd5d11d9e370fdfa91be73aa60c9d460b2671145c109,x86,playcrypt,1,1,0.8444089889526367
4,mal_test__blackcat__bd337d4e83ab1c2cacb43e4569f977d188f1bb7c7a077026304bf186d49d4117,x86,blackcat,1,1,0.802555501461029
4,mal_test__blackcat__bd4e603e953d8c7803f3c7d72cd7197d996ab80ce80b9da96a4df7d10969bb55,x86,blackcat,1,0,0.1250653862953186
4,mal_test__hive__bd7f4d6a3f224536879cca70b940b16251c56707124d52fb09ad828a889648cd,x86,hive,1,0,0.24436300992965698
4,mal_test__hive__bd9807c6e5c69f21153103703faa8067a9a883124bcfeb6b0f0645158a97d57d,x64,hive,1,0,0.11556088179349899
4,mal_test__lorenz__bdfb7e435f689c2c8d84d1b987c8abf84f300a1d4b9d1389b299937c751adb17,x86,lorenz,1,0,0.18359363079071045
4,mal_test__holyghost__bea866b327a2dc2aa104b7ad7307008919c06620771ec3715a059e675d9f40af,x64,holyghost,1,0,0.11757213622331619
4,mal_test__avoslocker__bff12a83b1fc2e0ad0000ad9b68abc8eada559bb1094caaf5b9f52887df23705,x86,avoslocker,1,1,0.587824821472168
4,mal_test__bluesky__c0514cd580275b54f5b1d69086c9f415e7afb805479bfea50251e82dc2e60e12,x86,bluesky,1,1,0.8354835510253906
4,mal_test__avoslocker__c0a42741eef72991d9d0ee8b6c0531fc19151457a8b59bdcf7b6373d1fe56e02,x86,avoslocker,1,0,0.21044158935546875
4,mal_test__playcrypt__c0eab1dbd64ffbe9c2f77f0e71e30cfff8467aa7e9ce2ed74e7a8dcdd861e3a6,x86,playcrypt,1,0,0.19993211328983307
4,mal_test__bianlian__c0fe7bfb0d1ffeb61fb9cafeeab79ffd1660ff3637798e315ff15d802a3c974e,x64,bianlian,1,0,0.11757213622331619
4,mal_test__blackcat__c124dc2c4f82b3258f1538656de8cbd2c5133137cad2d6c7b874de8232763d95,x86,blackcat,1,0,0.19314737617969513
4,mal_test__clop__c150954e5fdfc100fbb74258cad6ef2595c239c105ff216b1d9a759c0104be04,x86,clop,1,1,0.6309123635292053
4,mal_test__hive__c2fa59fb0c3ed403c5f115310bbb62621bc9ddbf5cba29730e16c65e53b88f64,x64,hive,1,0,0.11556088179349899
4,mal_test__playcrypt__c3e9740759f6cdd8eab97bc23430e1f042862ab41eacec0bb763693e5745549c,x86,playcrypt,1,1,0.527438223361969
4,mal_test__playcrypt__c441e4d38af87a46dae4ea4823456e42145238d300b51d83a7060cee0b57de28,x86,playcrypt,1,1,0.6053325533866882
4,mal_test__blackbasta__c4c8be0c939e4c24e11bad90549e3951b7969e78056d819425ca53e87af8d8ed,x86,blackbasta,1,1,0.8812065720558167
4,mal_test__blackcat__c50bca08a8e80850ec18d258ff937b7b72a500d9027c730c86b05aa73c938b5d,x86,blackcat,1,0,0.1352320909500122
4,mal_test__blackbasta__c532d28f9700abba1a4803c3a9d886c8c4fb26f84cf2399c533d68cfdcec4fa7,x86,blackbasta,1,1,0.8381505608558655
4,mal_test__avoslocker__c65547704c20045f006d0653144101bbdf9dd5d2aa6b4db61b83f847704b10f6,x86,avoslocker,1,1,0.587824821472168
4,mal_test__avoslocker__c7307b1cfd6685c2b3a19a7239a40e8afa5432ffe039bb4b3caca8a70ad1eed6,x86,avoslocker,1,1,0.842863142490387
4,mal_test__bluesky__c75748dc544629a8a5d08c0d8ba7fda3508a3efdaed905ad800ffddbc8d3b8df,x86,bluesky,1,1,0.8354835510253906
4,mal_test__hive__c7c04bcd56f282bc27f160cc80ccab73485dd3123f2efb35b9726a8528b7950f,x64,hive,1,0,0.13296423852443695
4,mal_test__clop__c7e52cc6f1f659ec5d30473e89b7136216de5fbe53ec77a62f1a486d8ffe78ed,x86,clop,1,1,0.8484706878662109
4,mal_test__hive__cba0c8e316db8c6abcdb69f03936a803d81299d9ae4c59c77839c37cda752539,x64,hive,1,0,0.11476478725671768
4,mal_test__blackbasta__cce74c82a718be7484abf7c51011793f2717cfb2068c92aa35416a93cbd13cfa,x86,blackbasta,1,1,0.8494724035263062
4,mal_test__playcrypt__cd16f6b2faaf801a0de5d5afc68ed50a5bde9b4905bb00fe5f408b265ec081e5,x86,playcrypt,1,0,0.4576214551925659
4,mal_test__bianlian__cd17afd9115b2d83e948a1bcabf508f42d0fe7edb56cc62f5cc467c938e45033,x64,bianlian,1,0,0.11797802150249481
4,mal_test__lorenz__cef17b9289ba18c979b704648c0f2b736f65f9f9158b471bc2486b6c14e14a4d,x86,lorenz,1,0,0.13706977665424347
4,mal_test__blackcat__cefea76dfdbb48cfe1a3db2c8df34e898e29bec9b2c13e79ef40655c637833ae,x86,blackcat,1,0,0.12043881416320801
4,mal_test__clop__d0cde86d47219e9c56b717f55dcdb01b0566344c13aa671613598cab427345b9,x86,clop,1,1,0.8140527606010437
4,mal_test__blackcat__d0e0923cf7f97c86b6cde608bc7a0332d03881e598de7b8e41c114d1576e4534,x86,blackcat,1,0,0.19314737617969513
4,mal_test__blackcat__d3fd49f8f42fa571209af568a65119433e114bb66da21eda12b96a16b5ebfe21,x86,blackcat,1,0,0.13660839200019836
4,mal_test__bluesky__d401be3ec0699cfdc1a16a9243ebc25181385e428122b0b1a283b7a8d47dd0bc,x86,bluesky,1,1,0.8354835510253906
4,mal_test__bluesky__d4f4069b1c40a5b27ba0bc15c09dceb7035d054a022bb5d558850edfba0b9534,x86,bluesky,1,1,0.7283620238304138
4,mal_test__bianlian__d602562ba7273695df9248a8590b510ccd49fefb97f5c75d485895abba13418d,x64,bianlian,1,0,0.11716748028993607
4,mal_test__bluesky__d6386b2747335f7b0d13b1f69d995944ad8e9b71e09b036dbc0b907e583d857a,x86,bluesky,1,1,0.8354835510253906
4,mal_test__blackcat__d767524e1bbb8d50129485ffa667eb1d379c745c30d4588672636998c20f857f,x86,blackcat,1,0,0.1250653862953186
4,mal_test__hive__d83a875db07877be5b2b67341d665a06f476f862a48363f30440091d359a749f,x64,hive,1,0,0.13161905109882355
4,mal_test__blackbasta__d943a4aabd76582218fd1a9a0a77b2f6a6715b198f9994f0feae6f249b40fdf9,x86,blackbasta,1,1,0.8459424376487732
4,mal_test__playcrypt__d9d64a1e9e7d6911f256f2d449cc8ab58301396374265215e5c121bf036ba58d,x86,playcrypt,1,1,0.6386099457740784
4,mal_test__hive__da2128b5608ed39f1a4e4568e0751bd9f8cb4e8587f1a262314d13c03a6a8b9e,x64,hive,1,0,0.11476478725671768
4,mal_test__avoslocker__da6e60b4e39c6c556836a18a09a52cd83c47f9cf6dc9e3ad298cbcb925a62a96,x86,avoslocker,1,1,0.587824821472168
4,mal_test__bianlian__da7a959ae7ea237bb6cd913119a35baa43a68e375f892857f6d77eaa62aabbaf,x64,bianlian,1,0,0.11879339814186096
4,mal_test__playcrypt__dcaf62ee4637397b2aaa73dbe41cfb514c71565f1d4770944c9b678cd2545087,x86,playcrypt,1,1,0.5671576261520386
4,mal_test__playcrypt__dd101db5d9503f33a0c23d79da3642e999375748f7c1532e98c813b114bdfa1a,x86,playcrypt,1,1,0.8255897164344788
4,mal_test__blackbasta__df21822582a5519efcd7347e4faa365aafa6feaf2892c7f2f2bf1abeac104e2d,x86,blackbasta,1,1,0.8381505608558655
4,mal_test__hive__e17cf8294694af4ed412123981f620908a192947aab6ecd0c31cc59f2ac540ce,x64,hive,1,0,0.11476478725671768
4,mal_test__blackbasta__e28188e516db1bda9015c30de59a2e91996b67c2e2b44989a6b0f562577fd757,x86,blackbasta,1,1,0.8449215292930603
4,mal_test__avoslocker__e2a945032dc77a8a9d36b709438612aca5858eee52d7c0ad1e375f9e9e080305,x86,avoslocker,1,1,0.587824821472168
4,mal_test__clop__e48900dc697582db4655569bb844602ced3ad2b10b507223912048f1f3039ac6,x86,clop,1,1,0.6309123635292053
4,mal_test__playcrypt__e4f32fe39ce7f9f293ccbfde30adfdc36caf7cfb6ccc396870527f45534b840b,x86,playcrypt,1,1,0.8397339582443237
4,mal_test__blackcat__e55cc3426298f9f848849304d10b9222925eb19caebaebaa44dfb85ad2346062,x86,blackcat,1,0,0.12635333836078644
4,mal_test__avoslocker__e62c0bdf69b88a5bd95872cbcf4da4de4eef226bc9ef0452ee652eeee519b15a,x86,avoslocker,1,1,0.8807970285415649
4,mal_test__playcrypt__e641b622b1f180fe189e3f39b3466b16ca5040b5a1869e5d30c92cca5727d3f0,x86,playcrypt,1,0,0.4576214551925659
4,mal_test__bluesky__e75717be1633b5e3602827dc3b5788ff691dd325b0eddd2d0d9ddcee29de364f,x86,bluesky,1,1,0.8354835510253906
4,mal_test__clop__e77c8c7514b36d30d0bf51545fe148ebce3f92adba6748c4de71cc105eb56a9c,x86,clop,1,1,0.8056321740150452
4,mal_test__clop__e7f17df3e41c7ac23d3b979a4dd8e92bdf12e08e8dd064bd8614a415322dc639,x86,clop,1,1,0.8484706878662109
4,mal_test__clop__e805dd0124b9f062f6b5bc9de627eabc601b9d6e8ffe1d90ee552a1ece598a89,x86,clop,1,1,0.858244001865387
4,mal_test__blackcat__e88795f5be1970400521e0041c4603c62ff681f24ac75f926d524d092eecb6ee,x86,blackcat,1,0,0.1250653862953186
4,mal_test__hive__e9def82da36450f16c48af3abbba2a31f53c9c2f6fae6cf895fbf10698c04ed2,x64,hive,1,0,0.11476478725671768
4,mal_test__blackbasta__e9fefd053b8c77c7db13d528b97d2b974dfd86775a8cc9c53b8efdb07db8842c,x64,blackbasta,1,0,0.12852513790130615
4,mal_test__hive__ea953cb3c4858e971dc4d75a2a11a6d0af42af36c0cad9c3f1e08d4c6e5f2ef8,x64,hive,1,0,0.11476478725671768
4,mal_test__bianlian__eaf5e26c5e73f3db82cd07ea45e4d244ccb3ec3397ab5263a1a74add7bbcb6e2,x64,bianlian,1,0,0.11596070975065231
4,mal_test__avoslocker__ec955f589f25d0d28e55964a1aa79c27492026982994cd4ca1faf7e8a78db4bc,x86,avoslocker,1,1,0.587824821472168
4,mal_test__clop__ed3dfa9f2452537d378ead320e1506d392d3f91557d8c52714dfd6024176cf73,x86,clop,1,1,0.8116759657859802
4,mal_test__hive__edf745e4d22485a77b93437843023b27d072fcffb14ea91ca8f309b14d5c5826,x64,hive,1,0,0.11476478725671768
4,mal_test__clop__ee83fd9b8368bd4d2cdbebdccfdb41373c3c490d9c5b8d17530990e084131f29,x86,clop,1,1,0.8484706878662109
4,mal_test__hive__eeee2a6820eedbe2a37e4c992dc6b3135ee0e340892d2acf74e8a5defb30c7d4,x64,hive,1,0,0.11676400899887085
4,mal_test__playcrypt__f054f373cead893f868fd9b4acc24f751afefbb80cf961e305f97741f952a641,x86,playcrypt,1,0,0.2825919985771179
4,mal_test__avoslocker__f250bca3637c0b189a19f0fca944008a48cf0cf9c037b288173b11ca2056a107,x86,avoslocker,1,1,0.587824821472168
4,mal_test__playcrypt__f284064ee25c56c68dd76370470567818ffcbf4ae134c7beca1c3ba773c21619,x86,playcrypt,1,0,0.22953520715236664
4,mal_test__blackcat__f2b3f1ed693021b20f456a058b86b08abfc4876c7a3ae18aea6e95567fd55b2e,x86,blackcat,1,0,0.1325145661830902
4,mal_test__playcrypt__f39d6741cbb99a81decbe5e75c07e846b5a36b40bc1bb0c0c61415300cc43b6c,x86,playcrypt,1,1,0.8333246111869812
4,mal_test__clop__f55e4553ed04f085bc5b93cf7e5386c3d938abcb13a95ef1d2c3f8b21c454db8,x86,clop,1,1,0.8221890926361084
4,mal_test__playcrypt__f6072ff57c1cfe74b88f521d70c524bcbbb60c561705e9febe033f51131be408,x86,playcrypt,1,1,0.8397339582443237
4,mal_test__bianlian__f7a3a8734c004682201b8873691d684985329be3fcdba965f268103a086ebaad,x64,bianlian,1,0,0.11556088179349899
4,mal_test__avoslocker__f810deb1ba171cea5b595c6d3f816127fb182833f7a08a98de93226d4f6a336f,x86,avoslocker,1,0,0.200557678937912
4,mal_test__blackcat__f837f1cd60e9941aa60f7be50a8f2aaaac380f560db8ee001408f35c1b7a97cb,x86,blackcat,1,0,0.13660839200019836
4,mal_test__avoslocker__f8e99bbacc62b0f72aa12f5f92e35607fa0382a881fe4a4b9476fc6b87a03c78,x86,avoslocker,1,1,0.587824821472168
4,mal_test__holyghost__f8fc2445a9814ca8cf48a979bff7f182d6538f4d1ff438cf259268e8b4b76f86,x64,holyghost,1,0,0.11920291930437088
4,mal_test__avoslocker__fb544e1f74ce02937c3a3657be8d125d5953996115f65697b7d39e237020706f,x86,avoslocker,1,1,0.7412996292114258
4,mal_test__lorenz__fcb8f82961a3f02c9e94da452c5efef868a2c2344fbaaeca51b3c710bb0df8cf,x86,lorenz,1,1,0.8158201575279236
4,mal_test__clop__ff2811f8085bde8751d340bb731c83486b62f80850ceffdb594526da8945ce57,x86,clop,1,1,0.8591918349266052
4,mal_test__lorenz__ff86191d98d0ce841e0973743aeb05fb354492d1983fe33521a285cf3c9bcc2e,x86,lorenz,1,0,0.1259227693080902
4,mal_test__avoslocker__ffd933ad53f22a0f10cceb4986087258f72dffdd36999b7014c6b37c157ee45f,x86,avoslocker,1,1,0.587824821472168
